trip_id,stop_id,arrival_time,departure_time,stop_sequence,stop_headsign,pickup_type,drop_off_type,shape_dist_traveled,continuous_pickup,continuous_drop_off,timepoint
acc5ef38-1288-4a50-8249-46d8bc56b7a4,9602,18:05:00,18:05:00,1,,0,0,0.0,1,1,1
acc5ef38-1288-4a50-8249-46d8bc56b7a4,9603,18:06:00,18:06:00,2,,0,0,782.0,1,1,0
acc5ef38-1288-4a50-8249-46d8bc56b7a4,9606,18:07:00,18:07:00,3,,0,0,1173.0,1,1,0
acc5ef38-1288-4a50-8249-46d8bc56b7a4,9641,18:11:00,18:11:00,4,,0,0,1910.0,1,1,1
acc5ef38-1288-4a50-8249-46d8bc56b7a4,9650,18:12:00,18:12:00,5,,0,0,2474.0,1,1,0
acc5ef38-1288-4a50-8249-46d8bc56b7a4,9649,18:14:00,18:14:00,6,,0,0,3174.0,1,1,0
acc5ef38-1288-4a50-8249-46d8bc56b7a4,9633,18:20:00,18:20:00,7,,0,0,3686.0,1,1,1
acc5ef38-1288-4a50-8249-46d8bc56b7a4,9610,18:23:00,18:23:00,8,,0,0,4539.0,1,1,0
acc5ef38-1288-4a50-8249-46d8bc56b7a4,9658,18:24:00,18:24:00,9,,0,0,4861.0,1,1,0
acc5ef38-1288-4a50-8249-46d8bc56b7a4,9608,18:26:00,18:26:00,10,,0,0,5100.0,1,1,1
acc5ef38-1288-4a50-8249-46d8bc56b7a4,9622,18:27:00,18:27:00,11,,0,0,5358.0,1,1,0
acc5ef38-1288-4a50-8249-46d8bc56b7a4,9617,18:29:00,18:29:00,12,,0,0,6529.0,1,1,0
acc5ef38-1288-4a50-8249-46d8bc56b7a4,9625,18:30:00,18:30:00,13,,0,0,7317.0,1,1,0
acc5ef38-1288-4a50-8249-46d8bc56b7a4,9618,18:34:00,18:34:00,14,,0,0,7884.0,1,1,1
acc5ef38-1288-4a50-8249-46d8bc56b7a4,9626,18:35:00,18:35:00,15,,0,0,8152.0,1,1,0
acc5ef38-1288-4a50-8249-46d8bc56b7a4,9624,18:37:00,18:37:00,16,,0,0,9202.0,1,1,0
acc5ef38-1288-4a50-8249-46d8bc56b7a4,9620,18:40:00,18:40:00,17,,0,0,10397.0,1,1,0
acc5ef38-1288-4a50-8249-46d8bc56b7a4,9646,18:42:00,18:42:00,18,,0,0,11062.0,1,1,0
acc5ef38-1288-4a50-8249-46d8bc56b7a4,9655,18:45:00,18:45:00,19,,0,0,11967.0,1,1,1
acc5ef38-1288-4a50-8249-46d8bc56b7a4,9653,18:46:00,18:46:00,20,,0,0,12651.0,1,1,0
acc5ef38-1288-4a50-8249-46d8bc56b7a4,9656,18:47:00,18:47:00,21,,0,0,13226.0,1,1,0
acc5ef38-1288-4a50-8249-46d8bc56b7a4,9628,18:50:00,18:50:00,22,,0,0,13958.0,1,1,1
acc5ef38-1288-4a50-8249-46d8bc56b7a4,9630,18:51:00,18:51:00,23,,0,0,14604.0,1,1,0
acc5ef38-1288-4a50-8249-46d8bc56b7a4,9642,18:52:00,18:52:00,24,,0,0,15457.0,1,1,0
acc5ef38-1288-4a50-8249-46d8bc56b7a4,9632,18:52:30,18:52:30,25,,0,0,15752.0,1,1,0
acc5ef38-1288-4a50-8249-46d8bc56b7a4,9614,18:53:00,18:53:00,26,,0,0,16324.0,1,1,0
acc5ef38-1288-4a50-8249-46d8bc56b7a4,9637,18:56:00,18:56:00,27,,0,0,16872.0,1,1,1
acc5ef38-1288-4a50-8249-46d8bc56b7a4,9639,18:56:10,18:56:10,28,,0,0,17416.0,1,1,0
acc5ef38-1288-4a50-8249-46d8bc56b7a4,9635,18:58:00,18:58:00,29,,0,0,17764.0,1,1,0
acc5ef38-1288-4a50-8249-46d8bc56b7a4,9612,18:59:00,18:59:00,30,,0,0,18102.0,1,1,0
acc5ef38-1288-4a50-8249-46d8bc56b7a4,9605,19:01:00,19:01:00,31,,0,0,18405.0,1,1,0
acc5ef38-1288-4a50-8249-46d8bc56b7a4,9604,19:02:00,19:02:00,32,,0,0,18855.0,1,1,0
acc5ef38-1288-4a50-8249-46d8bc56b7a4,9601,19:03:00,19:03:00,33,,1,0,19355.0,1,1,0
55420e59-7f48-41ba-9a70-fa179638f327,9602,17:30:00,17:30:00,1,,0,0,0.0,1,1,1
55420e59-7f48-41ba-9a70-fa179638f327,9603,17:31:00,17:31:00,2,,0,0,782.0,1,1,0
55420e59-7f48-41ba-9a70-fa179638f327,9606,17:32:00,17:32:00,3,,0,0,1173.0,1,1,0
55420e59-7f48-41ba-9a70-fa179638f327,9641,17:36:00,17:36:00,4,,0,0,1910.0,1,1,1
55420e59-7f48-41ba-9a70-fa179638f327,9650,17:37:00,17:37:00,5,,0,0,2474.0,1,1,0
55420e59-7f48-41ba-9a70-fa179638f327,9649,17:39:00,17:39:00,6,,0,0,3174.0,1,1,0
55420e59-7f48-41ba-9a70-fa179638f327,9633,17:45:00,17:45:00,7,,0,0,3686.0,1,1,1
55420e59-7f48-41ba-9a70-fa179638f327,9610,17:48:00,17:48:00,8,,0,0,4539.0,1,1,0
55420e59-7f48-41ba-9a70-fa179638f327,9658,17:49:00,17:49:00,9,,0,0,4861.0,1,1,0
55420e59-7f48-41ba-9a70-fa179638f327,9608,17:51:00,17:51:00,10,,0,0,5100.0,1,1,1
55420e59-7f48-41ba-9a70-fa179638f327,9622,17:52:00,17:52:00,11,,0,0,5358.0,1,1,0
55420e59-7f48-41ba-9a70-fa179638f327,9617,17:54:00,17:54:00,12,,0,0,6529.0,1,1,0
55420e59-7f48-41ba-9a70-fa179638f327,9625,17:55:00,17:55:00,13,,0,0,7317.0,1,1,0
55420e59-7f48-41ba-9a70-fa179638f327,9618,17:59:00,17:59:00,14,,0,0,7884.0,1,1,1
55420e59-7f48-41ba-9a70-fa179638f327,9626,18:00:00,18:00:00,15,,0,0,8152.0,1,1,0
55420e59-7f48-41ba-9a70-fa179638f327,9624,18:03:00,18:03:00,16,,0,0,9202.0,1,1,0
55420e59-7f48-41ba-9a70-fa179638f327,9620,18:06:00,18:06:00,17,,0,0,10397.0,1,1,0
55420e59-7f48-41ba-9a70-fa179638f327,9646,18:07:00,18:07:00,18,,0,0,11062.0,1,1,0
55420e59-7f48-41ba-9a70-fa179638f327,9655,18:10:00,18:10:00,19,,0,0,11967.0,1,1,1
55420e59-7f48-41ba-9a70-fa179638f327,9653,18:11:00,18:11:00,20,,0,0,12651.0,1,1,0
55420e59-7f48-41ba-9a70-fa179638f327,9656,18:12:00,18:12:00,21,,0,0,13226.0,1,1,0
55420e59-7f48-41ba-9a70-fa179638f327,9628,18:15:00,18:15:00,22,,0,0,13958.0,1,1,1
55420e59-7f48-41ba-9a70-fa179638f327,9630,18:16:00,18:16:00,23,,0,0,14604.0,1,1,0
55420e59-7f48-41ba-9a70-fa179638f327,9642,18:18:00,18:18:00,24,,0,0,15457.0,1,1,0
55420e59-7f48-41ba-9a70-fa179638f327,9632,18:18:30,18:18:30,25,,0,0,15752.0,1,1,0
55420e59-7f48-41ba-9a70-fa179638f327,9614,18:19:00,18:19:00,26,,0,0,16324.0,1,1,0
55420e59-7f48-41ba-9a70-fa179638f327,9637,18:23:00,18:23:00,27,,0,0,16872.0,1,1,1
55420e59-7f48-41ba-9a70-fa179638f327,9639,18:24:00,18:24:00,28,,0,0,17416.0,1,1,0
55420e59-7f48-41ba-9a70-fa179638f327,9635,18:25:00,18:25:00,29,,0,0,17764.0,1,1,0
55420e59-7f48-41ba-9a70-fa179638f327,9612,18:27:00,18:27:00,30,,0,0,18102.0,1,1,0
55420e59-7f48-41ba-9a70-fa179638f327,9605,18:28:00,18:28:00,31,,0,0,18405.0,1,1,0
55420e59-7f48-41ba-9a70-fa179638f327,9604,18:29:00,18:29:00,32,,0,0,18855.0,1,1,0
55420e59-7f48-41ba-9a70-fa179638f327,9601,18:31:00,18:31:00,33,,1,0,19355.0,1,1,0
6fef6640-7131-4ade-9c14-65c808ce9bae,9602,16:55:00,16:55:00,1,,0,0,0.0,1,1,1
6fef6640-7131-4ade-9c14-65c808ce9bae,9603,16:56:00,16:56:00,2,,0,0,782.0,1,1,0
6fef6640-7131-4ade-9c14-65c808ce9bae,9606,16:57:00,16:57:00,3,,0,0,1173.0,1,1,0
6fef6640-7131-4ade-9c14-65c808ce9bae,9641,17:00:00,17:00:00,4,,0,0,1910.0,1,1,1
6fef6640-7131-4ade-9c14-65c808ce9bae,9650,17:01:00,17:01:00,5,,0,0,2474.0,1,1,0
6fef6640-7131-4ade-9c14-65c808ce9bae,9649,17:02:00,17:02:00,6,,0,0,3174.0,1,1,0
6fef6640-7131-4ade-9c14-65c808ce9bae,9633,17:08:00,17:08:00,7,,0,0,3686.0,1,1,1
6fef6640-7131-4ade-9c14-65c808ce9bae,9610,17:11:00,17:11:00,8,,0,0,4539.0,1,1,0
6fef6640-7131-4ade-9c14-65c808ce9bae,9658,17:12:00,17:12:00,9,,0,0,4861.0,1,1,0
6fef6640-7131-4ade-9c14-65c808ce9bae,9608,17:14:00,17:14:00,10,,0,0,5100.0,1,1,1
6fef6640-7131-4ade-9c14-65c808ce9bae,9622,17:15:00,17:15:00,11,,0,0,5358.0,1,1,0
6fef6640-7131-4ade-9c14-65c808ce9bae,9617,17:17:00,17:17:00,12,,0,0,6529.0,1,1,0
6fef6640-7131-4ade-9c14-65c808ce9bae,9625,17:19:00,17:19:00,13,,0,0,7317.0,1,1,0
6fef6640-7131-4ade-9c14-65c808ce9bae,9618,17:22:00,17:22:00,14,,0,0,7884.0,1,1,1
6fef6640-7131-4ade-9c14-65c808ce9bae,9626,17:23:00,17:23:00,15,,0,0,8152.0,1,1,0
6fef6640-7131-4ade-9c14-65c808ce9bae,9624,17:26:00,17:26:00,16,,0,0,9202.0,1,1,0
6fef6640-7131-4ade-9c14-65c808ce9bae,9620,17:31:00,17:31:00,17,,0,0,10397.0,1,1,0
6fef6640-7131-4ade-9c14-65c808ce9bae,9646,17:33:00,17:33:00,18,,0,0,11062.0,1,1,0
6fef6640-7131-4ade-9c14-65c808ce9bae,9655,17:35:00,17:35:00,19,,0,0,11967.0,1,1,1
6fef6640-7131-4ade-9c14-65c808ce9bae,9653,17:36:00,17:36:00,20,,0,0,12651.0,1,1,0
6fef6640-7131-4ade-9c14-65c808ce9bae,9656,17:37:00,17:37:00,21,,0,0,13226.0,1,1,0
6fef6640-7131-4ade-9c14-65c808ce9bae,9628,17:41:00,17:41:00,22,,0,0,13958.0,1,1,1
6fef6640-7131-4ade-9c14-65c808ce9bae,9630,17:42:00,17:42:00,23,,0,0,14604.0,1,1,0
6fef6640-7131-4ade-9c14-65c808ce9bae,9642,17:44:00,17:44:00,24,,0,0,15457.0,1,1,0
6fef6640-7131-4ade-9c14-65c808ce9bae,9632,17:44:30,17:44:30,25,,0,0,15752.0,1,1,0
6fef6640-7131-4ade-9c14-65c808ce9bae,9614,17:45:00,17:45:00,26,,0,0,16324.0,1,1,0
6fef6640-7131-4ade-9c14-65c808ce9bae,9637,17:49:00,17:49:00,27,,0,0,16872.0,1,1,1
6fef6640-7131-4ade-9c14-65c808ce9bae,9639,17:50:00,17:50:00,28,,0,0,17416.0,1,1,0
6fef6640-7131-4ade-9c14-65c808ce9bae,9635,17:51:00,17:51:00,29,,0,0,17764.0,1,1,0
6fef6640-7131-4ade-9c14-65c808ce9bae,9612,17:51:30,17:51:30,30,,0,0,18102.0,1,1,0
6fef6640-7131-4ade-9c14-65c808ce9bae,9605,17:55:00,17:55:00,31,,0,0,18405.0,1,1,0
6fef6640-7131-4ade-9c14-65c808ce9bae,9604,17:56:00,17:56:00,32,,0,0,18855.0,1,1,0
6fef6640-7131-4ade-9c14-65c808ce9bae,9601,18:00:00,18:00:00,33,,1,0,19355.0,1,1,0
bd569771-d9e5-4194-8ae5-d86110e50ee3,9602,16:20:00,16:20:00,1,,0,0,0.0,1,1,1
bd569771-d9e5-4194-8ae5-d86110e50ee3,9603,16:21:00,16:21:00,2,,0,0,782.0,1,1,0
bd569771-d9e5-4194-8ae5-d86110e50ee3,9606,16:22:00,16:22:00,3,,0,0,1173.0,1,1,0
bd569771-d9e5-4194-8ae5-d86110e50ee3,9641,16:25:00,16:25:00,4,,0,0,1910.0,1,1,1
bd569771-d9e5-4194-8ae5-d86110e50ee3,9650,16:26:00,16:26:00,5,,0,0,2474.0,1,1,0
bd569771-d9e5-4194-8ae5-d86110e50ee3,9649,16:27:00,16:27:00,6,,0,0,3174.0,1,1,0
bd569771-d9e5-4194-8ae5-d86110e50ee3,9633,16:33:00,16:33:00,7,,0,0,3686.0,1,1,1
bd569771-d9e5-4194-8ae5-d86110e50ee3,9610,16:36:00,16:36:00,8,,0,0,4539.0,1,1,0
bd569771-d9e5-4194-8ae5-d86110e50ee3,9658,16:37:00,16:37:00,9,,0,0,4861.0,1,1,0
bd569771-d9e5-4194-8ae5-d86110e50ee3,9608,16:39:00,16:39:00,10,,0,0,5100.0,1,1,1
bd569771-d9e5-4194-8ae5-d86110e50ee3,9622,16:40:00,16:40:00,11,,0,0,5358.0,1,1,0
bd569771-d9e5-4194-8ae5-d86110e50ee3,9617,16:42:00,16:42:00,12,,0,0,6529.0,1,1,0
bd569771-d9e5-4194-8ae5-d86110e50ee3,9625,16:43:00,16:43:00,13,,0,0,7317.0,1,1,0
bd569771-d9e5-4194-8ae5-d86110e50ee3,9618,16:47:00,16:47:00,14,,0,0,7884.0,1,1,1
bd569771-d9e5-4194-8ae5-d86110e50ee3,9626,16:48:00,16:48:00,15,,0,0,8152.0,1,1,0
bd569771-d9e5-4194-8ae5-d86110e50ee3,9624,16:52:00,16:52:00,16,,0,0,9202.0,1,1,0
bd569771-d9e5-4194-8ae5-d86110e50ee3,9620,16:55:00,16:55:00,17,,0,0,10397.0,1,1,0
bd569771-d9e5-4194-8ae5-d86110e50ee3,9646,16:56:00,16:56:00,18,,0,0,11062.0,1,1,0
bd569771-d9e5-4194-8ae5-d86110e50ee3,9655,16:59:00,16:59:00,19,,0,0,11967.0,1,1,1
bd569771-d9e5-4194-8ae5-d86110e50ee3,9653,17:00:00,17:00:00,20,,0,0,12651.0,1,1,0
bd569771-d9e5-4194-8ae5-d86110e50ee3,9656,17:01:00,17:01:00,21,,0,0,13226.0,1,1,0
bd569771-d9e5-4194-8ae5-d86110e50ee3,9628,17:05:00,17:05:00,22,,0,0,13958.0,1,1,1
bd569771-d9e5-4194-8ae5-d86110e50ee3,9630,17:06:00,17:06:00,23,,0,0,14604.0,1,1,0
bd569771-d9e5-4194-8ae5-d86110e50ee3,9642,17:07:00,17:07:00,24,,0,0,15457.0,1,1,0
bd569771-d9e5-4194-8ae5-d86110e50ee3,9632,17:07:30,17:07:30,25,,0,0,15752.0,1,1,0
bd569771-d9e5-4194-8ae5-d86110e50ee3,9614,17:08:00,17:08:00,26,,0,0,16324.0,1,1,0
bd569771-d9e5-4194-8ae5-d86110e50ee3,9637,17:12:00,17:12:00,27,,0,0,16872.0,1,1,1
bd569771-d9e5-4194-8ae5-d86110e50ee3,9639,17:13:00,17:13:00,28,,0,0,17416.0,1,1,0
bd569771-d9e5-4194-8ae5-d86110e50ee3,9635,17:14:00,17:14:00,29,,0,0,17764.0,1,1,0
bd569771-d9e5-4194-8ae5-d86110e50ee3,9612,17:17:00,17:17:00,30,,0,0,18102.0,1,1,0
bd569771-d9e5-4194-8ae5-d86110e50ee3,9605,17:18:00,17:18:00,31,,0,0,18405.0,1,1,0
bd569771-d9e5-4194-8ae5-d86110e50ee3,9604,17:19:00,17:19:00,32,,0,0,18855.0,1,1,0
bd569771-d9e5-4194-8ae5-d86110e50ee3,9601,17:24:00,17:24:00,33,,1,0,19355.0,1,1,0
b59fbed4-3c30-4dfc-b92c-ee4226861976,9602,15:45:00,15:45:00,1,,0,0,0.0,1,1,1
b59fbed4-3c30-4dfc-b92c-ee4226861976,9603,15:46:00,15:46:00,2,,0,0,782.0,1,1,0
b59fbed4-3c30-4dfc-b92c-ee4226861976,9606,15:47:00,15:47:00,3,,0,0,1173.0,1,1,0
b59fbed4-3c30-4dfc-b92c-ee4226861976,9641,15:50:00,15:50:00,4,,0,0,1910.0,1,1,1
b59fbed4-3c30-4dfc-b92c-ee4226861976,9650,15:51:00,15:51:00,5,,0,0,2474.0,1,1,0
b59fbed4-3c30-4dfc-b92c-ee4226861976,9649,15:52:00,15:52:00,6,,0,0,3174.0,1,1,0
b59fbed4-3c30-4dfc-b92c-ee4226861976,9633,15:57:00,15:57:00,7,,0,0,3686.0,1,1,1
b59fbed4-3c30-4dfc-b92c-ee4226861976,9610,16:00:00,16:00:00,8,,0,0,4539.0,1,1,0
b59fbed4-3c30-4dfc-b92c-ee4226861976,9658,16:01:00,16:01:00,9,,0,0,4861.0,1,1,0
b59fbed4-3c30-4dfc-b92c-ee4226861976,9608,16:03:00,16:03:00,10,,0,0,5100.0,1,1,1
b59fbed4-3c30-4dfc-b92c-ee4226861976,9622,16:04:00,16:04:00,11,,0,0,5358.0,1,1,0
b59fbed4-3c30-4dfc-b92c-ee4226861976,9617,16:06:00,16:06:00,12,,0,0,6529.0,1,1,0
b59fbed4-3c30-4dfc-b92c-ee4226861976,9625,16:07:00,16:07:00,13,,0,0,7317.0,1,1,0
b59fbed4-3c30-4dfc-b92c-ee4226861976,9618,16:11:00,16:11:00,14,,0,0,7884.0,1,1,1
b59fbed4-3c30-4dfc-b92c-ee4226861976,9626,16:13:00,16:13:00,15,,0,0,8152.0,1,1,0
b59fbed4-3c30-4dfc-b92c-ee4226861976,9624,16:18:00,16:18:00,16,,0,0,9202.0,1,1,0
b59fbed4-3c30-4dfc-b92c-ee4226861976,9620,16:22:00,16:22:00,17,,0,0,10397.0,1,1,0
b59fbed4-3c30-4dfc-b92c-ee4226861976,9646,16:24:00,16:24:00,18,,0,0,11062.0,1,1,0
b59fbed4-3c30-4dfc-b92c-ee4226861976,9655,16:28:00,16:28:00,19,,0,0,11967.0,1,1,1
b59fbed4-3c30-4dfc-b92c-ee4226861976,9653,16:29:00,16:29:00,20,,0,0,12651.0,1,1,0
b59fbed4-3c30-4dfc-b92c-ee4226861976,9656,16:30:00,16:30:00,21,,0,0,13226.0,1,1,0
b59fbed4-3c30-4dfc-b92c-ee4226861976,9628,16:34:00,16:34:00,22,,0,0,13958.0,1,1,1
b59fbed4-3c30-4dfc-b92c-ee4226861976,9630,16:35:00,16:35:00,23,,0,0,14604.0,1,1,0
b59fbed4-3c30-4dfc-b92c-ee4226861976,9642,16:37:00,16:37:00,24,,0,0,15457.0,1,1,0
b59fbed4-3c30-4dfc-b92c-ee4226861976,9632,16:37:30,16:37:30,25,,0,0,15752.0,1,1,0
b59fbed4-3c30-4dfc-b92c-ee4226861976,9614,16:38:00,16:38:00,26,,0,0,16324.0,1,1,0
b59fbed4-3c30-4dfc-b92c-ee4226861976,9637,16:42:00,16:42:00,27,,0,0,16872.0,1,1,1
b59fbed4-3c30-4dfc-b92c-ee4226861976,9639,16:43:00,16:43:00,28,,0,0,17416.0,1,1,0
b59fbed4-3c30-4dfc-b92c-ee4226861976,9635,16:44:00,16:44:00,29,,0,0,17764.0,1,1,0
b59fbed4-3c30-4dfc-b92c-ee4226861976,9612,16:46:00,16:46:00,30,,0,0,18102.0,1,1,0
b59fbed4-3c30-4dfc-b92c-ee4226861976,9605,16:47:00,16:47:00,31,,0,0,18405.0,1,1,0
b59fbed4-3c30-4dfc-b92c-ee4226861976,9604,16:48:00,16:48:00,32,,0,0,18855.0,1,1,0
b59fbed4-3c30-4dfc-b92c-ee4226861976,9601,16:50:00,16:50:00,33,,1,0,19355.0,1,1,0
39d08c9a-b4e1-437a-bf78-a7f9ce07eea8,9602,15:10:00,15:10:00,1,,0,0,0.0,1,1,1
39d08c9a-b4e1-437a-bf78-a7f9ce07eea8,9603,15:11:00,15:11:00,2,,0,0,782.0,1,1,0
39d08c9a-b4e1-437a-bf78-a7f9ce07eea8,9606,15:12:00,15:12:00,3,,0,0,1173.0,1,1,0
39d08c9a-b4e1-437a-bf78-a7f9ce07eea8,9641,15:16:00,15:16:00,4,,0,0,1910.0,1,1,1
39d08c9a-b4e1-437a-bf78-a7f9ce07eea8,9650,15:17:00,15:17:00,5,,0,0,2474.0,1,1,0
39d08c9a-b4e1-437a-bf78-a7f9ce07eea8,9649,15:18:00,15:18:00,6,,0,0,3174.0,1,1,0
39d08c9a-b4e1-437a-bf78-a7f9ce07eea8,9633,15:23:00,15:23:00,7,,0,0,3686.0,1,1,1
39d08c9a-b4e1-437a-bf78-a7f9ce07eea8,9610,15:25:00,15:25:00,8,,0,0,4539.0,1,1,0
39d08c9a-b4e1-437a-bf78-a7f9ce07eea8,9658,15:26:00,15:26:00,9,,0,0,4861.0,1,1,0
39d08c9a-b4e1-437a-bf78-a7f9ce07eea8,9608,15:28:00,15:28:00,10,,0,0,5100.0,1,1,1
39d08c9a-b4e1-437a-bf78-a7f9ce07eea8,9622,15:29:00,15:29:00,11,,0,0,5358.0,1,1,0
39d08c9a-b4e1-437a-bf78-a7f9ce07eea8,9617,15:32:00,15:32:00,12,,0,0,6529.0,1,1,0
39d08c9a-b4e1-437a-bf78-a7f9ce07eea8,9625,15:33:00,15:33:00,13,,0,0,7317.0,1,1,0
39d08c9a-b4e1-437a-bf78-a7f9ce07eea8,9618,15:36:00,15:36:00,14,,0,0,7884.0,1,1,1
39d08c9a-b4e1-437a-bf78-a7f9ce07eea8,9626,15:37:00,15:37:00,15,,0,0,8152.0,1,1,0
39d08c9a-b4e1-437a-bf78-a7f9ce07eea8,9624,15:41:00,15:41:00,16,,0,0,9202.0,1,1,0
39d08c9a-b4e1-437a-bf78-a7f9ce07eea8,9620,15:44:00,15:44:00,17,,0,0,10397.0,1,1,0
39d08c9a-b4e1-437a-bf78-a7f9ce07eea8,9646,15:45:00,15:45:00,18,,0,0,11062.0,1,1,0
39d08c9a-b4e1-437a-bf78-a7f9ce07eea8,9655,15:49:00,15:49:00,19,,0,0,11967.0,1,1,1
39d08c9a-b4e1-437a-bf78-a7f9ce07eea8,9653,15:50:00,15:50:00,20,,0,0,12651.0,1,1,0
39d08c9a-b4e1-437a-bf78-a7f9ce07eea8,9656,15:51:00,15:51:00,21,,0,0,13226.0,1,1,0
39d08c9a-b4e1-437a-bf78-a7f9ce07eea8,9628,15:54:00,15:54:00,22,,0,0,13958.0,1,1,1
39d08c9a-b4e1-437a-bf78-a7f9ce07eea8,9630,15:55:00,15:55:00,23,,0,0,14604.0,1,1,0
39d08c9a-b4e1-437a-bf78-a7f9ce07eea8,9642,15:57:00,15:57:00,24,,0,0,15457.0,1,1,0
39d08c9a-b4e1-437a-bf78-a7f9ce07eea8,9632,15:57:30,15:57:30,25,,0,0,15752.0,1,1,0
39d08c9a-b4e1-437a-bf78-a7f9ce07eea8,9614,15:58:00,15:58:00,26,,0,0,16324.0,1,1,0
39d08c9a-b4e1-437a-bf78-a7f9ce07eea8,9637,16:02:00,16:02:00,27,,0,0,16872.0,1,1,1
39d08c9a-b4e1-437a-bf78-a7f9ce07eea8,9639,16:02:10,16:02:10,28,,0,0,17416.0,1,1,0
39d08c9a-b4e1-437a-bf78-a7f9ce07eea8,9635,16:03:00,16:03:00,29,,0,0,17764.0,1,1,0
39d08c9a-b4e1-437a-bf78-a7f9ce07eea8,9612,16:04:00,16:04:00,30,,0,0,18102.0,1,1,0
39d08c9a-b4e1-437a-bf78-a7f9ce07eea8,9605,16:06:00,16:06:00,31,,0,0,18405.0,1,1,0
39d08c9a-b4e1-437a-bf78-a7f9ce07eea8,9604,16:07:00,16:07:00,32,,0,0,18855.0,1,1,0
39d08c9a-b4e1-437a-bf78-a7f9ce07eea8,9601,16:10:00,16:10:00,33,,1,0,19355.0,1,1,0
efd25f73-b79e-47f2-b987-c0868b30d230,9602,14:40:00,14:40:00,1,,0,0,0.0,1,1,1
efd25f73-b79e-47f2-b987-c0868b30d230,9603,14:41:00,14:41:00,2,,0,0,782.0,1,1,0
efd25f73-b79e-47f2-b987-c0868b30d230,9606,14:42:00,14:42:00,3,,0,0,1173.0,1,1,0
efd25f73-b79e-47f2-b987-c0868b30d230,9641,14:45:00,14:45:00,4,,0,0,1910.0,1,1,1
efd25f73-b79e-47f2-b987-c0868b30d230,9650,14:46:00,14:46:00,5,,0,0,2474.0,1,1,0
efd25f73-b79e-47f2-b987-c0868b30d230,9649,14:47:00,14:47:00,6,,0,0,3174.0,1,1,0
efd25f73-b79e-47f2-b987-c0868b30d230,9633,14:52:00,14:52:00,7,,0,0,3686.0,1,1,1
efd25f73-b79e-47f2-b987-c0868b30d230,9610,14:55:00,14:55:00,8,,0,0,4539.0,1,1,0
efd25f73-b79e-47f2-b987-c0868b30d230,9658,14:56:00,14:56:00,9,,0,0,4861.0,1,1,0
efd25f73-b79e-47f2-b987-c0868b30d230,9608,14:58:00,14:58:00,10,,0,0,5100.0,1,1,1
efd25f73-b79e-47f2-b987-c0868b30d230,9622,14:59:00,14:59:00,11,,0,0,5358.0,1,1,0
efd25f73-b79e-47f2-b987-c0868b30d230,9617,15:02:00,15:02:00,12,,0,0,6529.0,1,1,0
efd25f73-b79e-47f2-b987-c0868b30d230,9625,15:03:00,15:03:00,13,,0,0,7317.0,1,1,0
efd25f73-b79e-47f2-b987-c0868b30d230,9618,15:06:00,15:06:00,14,,0,0,7884.0,1,1,1
efd25f73-b79e-47f2-b987-c0868b30d230,9626,15:07:00,15:07:00,15,,0,0,8152.0,1,1,0
efd25f73-b79e-47f2-b987-c0868b30d230,9624,15:10:00,15:10:00,16,,0,0,9202.0,1,1,0
efd25f73-b79e-47f2-b987-c0868b30d230,9620,15:13:00,15:13:00,17,,0,0,10397.0,1,1,0
efd25f73-b79e-47f2-b987-c0868b30d230,9646,15:15:00,15:15:00,18,,0,0,11062.0,1,1,0
efd25f73-b79e-47f2-b987-c0868b30d230,9655,15:18:00,15:18:00,19,,0,0,11967.0,1,1,1
efd25f73-b79e-47f2-b987-c0868b30d230,9653,15:19:00,15:19:00,20,,0,0,12651.0,1,1,0
efd25f73-b79e-47f2-b987-c0868b30d230,9656,15:20:00,15:20:00,21,,0,0,13226.0,1,1,0
efd25f73-b79e-47f2-b987-c0868b30d230,9628,15:24:00,15:24:00,22,,0,0,13958.0,1,1,1
efd25f73-b79e-47f2-b987-c0868b30d230,9630,15:25:00,15:25:00,23,,0,0,14604.0,1,1,0
efd25f73-b79e-47f2-b987-c0868b30d230,9642,15:26:00,15:26:00,24,,0,0,15457.0,1,1,0
efd25f73-b79e-47f2-b987-c0868b30d230,9632,15:26:30,15:26:30,25,,0,0,15752.0,1,1,0
efd25f73-b79e-47f2-b987-c0868b30d230,9614,15:27:00,15:27:00,26,,0,0,16324.0,1,1,0
efd25f73-b79e-47f2-b987-c0868b30d230,9637,15:31:00,15:31:00,27,,0,0,16872.0,1,1,1
efd25f73-b79e-47f2-b987-c0868b30d230,9639,15:31:30,15:31:30,28,,0,0,17416.0,1,1,0
efd25f73-b79e-47f2-b987-c0868b30d230,9635,15:32:00,15:32:00,29,,0,0,17764.0,1,1,0
efd25f73-b79e-47f2-b987-c0868b30d230,9612,15:34:00,15:34:00,30,,0,0,18102.0,1,1,0
efd25f73-b79e-47f2-b987-c0868b30d230,9605,15:35:00,15:35:00,31,,0,0,18405.0,1,1,0
efd25f73-b79e-47f2-b987-c0868b30d230,9604,15:36:00,15:36:00,32,,0,0,18855.0,1,1,0
efd25f73-b79e-47f2-b987-c0868b30d230,9601,15:40:00,15:40:00,33,,1,0,19355.0,1,1,0
c95abbdf-3c5f-4226-8ab7-09535dd701df,9602,14:05:00,14:05:00,1,,0,0,0.0,1,1,1
c95abbdf-3c5f-4226-8ab7-09535dd701df,9603,14:06:00,14:06:00,2,,0,0,782.0,1,1,0
c95abbdf-3c5f-4226-8ab7-09535dd701df,9606,14:07:00,14:07:00,3,,0,0,1173.0,1,1,0
c95abbdf-3c5f-4226-8ab7-09535dd701df,9641,14:10:00,14:10:00,4,,0,0,1910.0,1,1,1
c95abbdf-3c5f-4226-8ab7-09535dd701df,9650,14:11:00,14:11:00,5,,0,0,2474.0,1,1,0
c95abbdf-3c5f-4226-8ab7-09535dd701df,9649,14:12:00,14:12:00,6,,0,0,3174.0,1,1,0
c95abbdf-3c5f-4226-8ab7-09535dd701df,9633,14:17:00,14:17:00,7,,0,0,3686.0,1,1,1
c95abbdf-3c5f-4226-8ab7-09535dd701df,9610,14:19:00,14:19:00,8,,0,0,4539.0,1,1,0
c95abbdf-3c5f-4226-8ab7-09535dd701df,9658,14:20:00,14:20:00,9,,0,0,4861.0,1,1,0
c95abbdf-3c5f-4226-8ab7-09535dd701df,9608,14:22:00,14:22:00,10,,0,0,5100.0,1,1,1
c95abbdf-3c5f-4226-8ab7-09535dd701df,9622,14:23:00,14:23:00,11,,0,0,5358.0,1,1,0
c95abbdf-3c5f-4226-8ab7-09535dd701df,9617,14:26:00,14:26:00,12,,0,0,6529.0,1,1,0
c95abbdf-3c5f-4226-8ab7-09535dd701df,9625,14:27:00,14:27:00,13,,0,0,7317.0,1,1,0
c95abbdf-3c5f-4226-8ab7-09535dd701df,9618,14:30:00,14:30:00,14,,0,0,7884.0,1,1,1
c95abbdf-3c5f-4226-8ab7-09535dd701df,9626,14:31:00,14:31:00,15,,0,0,8152.0,1,1,0
c95abbdf-3c5f-4226-8ab7-09535dd701df,9624,14:33:00,14:33:00,16,,0,0,9202.0,1,1,0
c95abbdf-3c5f-4226-8ab7-09535dd701df,9620,14:36:00,14:36:00,17,,0,0,10397.0,1,1,0
c95abbdf-3c5f-4226-8ab7-09535dd701df,9646,14:37:00,14:37:00,18,,0,0,11062.0,1,1,0
c95abbdf-3c5f-4226-8ab7-09535dd701df,9655,14:40:00,14:40:00,19,,0,0,11967.0,1,1,1
c95abbdf-3c5f-4226-8ab7-09535dd701df,9653,14:41:00,14:41:00,20,,0,0,12651.0,1,1,0
c95abbdf-3c5f-4226-8ab7-09535dd701df,9656,14:42:00,14:42:00,21,,0,0,13226.0,1,1,0
c95abbdf-3c5f-4226-8ab7-09535dd701df,9628,14:45:00,14:45:00,22,,0,0,13958.0,1,1,1
c95abbdf-3c5f-4226-8ab7-09535dd701df,9630,14:46:00,14:46:00,23,,0,0,14604.0,1,1,0
c95abbdf-3c5f-4226-8ab7-09535dd701df,9642,14:48:00,14:48:00,24,,0,0,15457.0,1,1,0
c95abbdf-3c5f-4226-8ab7-09535dd701df,9632,14:48:30,14:48:30,25,,0,0,15752.0,1,1,0
c95abbdf-3c5f-4226-8ab7-09535dd701df,9614,14:49:00,14:49:00,26,,0,0,16324.0,1,1,0
c95abbdf-3c5f-4226-8ab7-09535dd701df,9637,14:53:00,14:53:00,27,,0,0,16872.0,1,1,1
c95abbdf-3c5f-4226-8ab7-09535dd701df,9639,14:53:30,14:53:30,28,,0,0,17416.0,1,1,0
c95abbdf-3c5f-4226-8ab7-09535dd701df,9635,14:54:00,14:54:00,29,,0,0,17764.0,1,1,0
c95abbdf-3c5f-4226-8ab7-09535dd701df,9612,14:56:00,14:56:00,30,,0,0,18102.0,1,1,0
c95abbdf-3c5f-4226-8ab7-09535dd701df,9605,14:57:00,14:57:00,31,,0,0,18405.0,1,1,0
c95abbdf-3c5f-4226-8ab7-09535dd701df,9604,14:58:00,14:58:00,32,,0,0,18855.0,1,1,0
c95abbdf-3c5f-4226-8ab7-09535dd701df,9601,15:00:00,15:00:00,33,,1,0,19355.0,1,1,0
94d638b5-8e2d-475f-a1b2-006113f4202a,9602,13:40:00,13:40:00,1,,0,0,0.0,1,1,1
94d638b5-8e2d-475f-a1b2-006113f4202a,9603,13:41:00,13:41:00,2,,0,0,782.0,1,1,0
94d638b5-8e2d-475f-a1b2-006113f4202a,9606,13:42:00,13:42:00,3,,0,0,1173.0,1,1,0
94d638b5-8e2d-475f-a1b2-006113f4202a,9641,13:45:00,13:45:00,4,,0,0,1910.0,1,1,1
94d638b5-8e2d-475f-a1b2-006113f4202a,9650,13:46:00,13:46:00,5,,0,0,2474.0,1,1,0
94d638b5-8e2d-475f-a1b2-006113f4202a,9649,13:47:00,13:47:00,6,,0,0,3174.0,1,1,0
94d638b5-8e2d-475f-a1b2-006113f4202a,9633,13:52:00,13:52:00,7,,0,0,3686.0,1,1,1
94d638b5-8e2d-475f-a1b2-006113f4202a,9610,13:55:00,13:55:00,8,,0,0,4539.0,1,1,0
94d638b5-8e2d-475f-a1b2-006113f4202a,9658,13:56:00,13:56:00,9,,0,0,4861.0,1,1,0
94d638b5-8e2d-475f-a1b2-006113f4202a,9608,13:58:00,13:58:00,10,,0,0,5100.0,1,1,1
94d638b5-8e2d-475f-a1b2-006113f4202a,9622,13:59:00,13:59:00,11,,0,0,5358.0,1,1,0
94d638b5-8e2d-475f-a1b2-006113f4202a,9617,14:01:00,14:01:00,12,,0,0,6529.0,1,1,0
94d638b5-8e2d-475f-a1b2-006113f4202a,9625,14:02:00,14:02:00,13,,0,0,7317.0,1,1,0
94d638b5-8e2d-475f-a1b2-006113f4202a,9618,14:05:00,14:05:00,14,,0,0,7884.0,1,1,1
94d638b5-8e2d-475f-a1b2-006113f4202a,9626,14:06:00,14:06:00,15,,0,0,8152.0,1,1,0
94d638b5-8e2d-475f-a1b2-006113f4202a,9624,14:08:00,14:08:00,16,,0,0,9202.0,1,1,0
94d638b5-8e2d-475f-a1b2-006113f4202a,9620,14:11:00,14:11:00,17,,0,0,10397.0,1,1,0
94d638b5-8e2d-475f-a1b2-006113f4202a,9646,14:12:00,14:12:00,18,,0,0,11062.0,1,1,0
94d638b5-8e2d-475f-a1b2-006113f4202a,9655,14:15:00,14:15:00,19,,0,0,11967.0,1,1,1
94d638b5-8e2d-475f-a1b2-006113f4202a,9653,14:16:00,14:16:00,20,,0,0,12651.0,1,1,0
94d638b5-8e2d-475f-a1b2-006113f4202a,9656,14:17:00,14:17:00,21,,0,0,13226.0,1,1,0
94d638b5-8e2d-475f-a1b2-006113f4202a,9628,14:20:00,14:20:00,22,,0,0,13958.0,1,1,1
94d638b5-8e2d-475f-a1b2-006113f4202a,9630,14:21:00,14:21:00,23,,0,0,14604.0,1,1,0
94d638b5-8e2d-475f-a1b2-006113f4202a,9642,14:22:00,14:22:00,24,,0,0,15457.0,1,1,0
94d638b5-8e2d-475f-a1b2-006113f4202a,9632,14:22:30,14:22:30,25,,0,0,15752.0,1,1,0
94d638b5-8e2d-475f-a1b2-006113f4202a,9614,14:23:00,14:23:00,26,,0,0,16324.0,1,1,0
94d638b5-8e2d-475f-a1b2-006113f4202a,9637,14:27:00,14:27:00,27,,0,0,16872.0,1,1,1
94d638b5-8e2d-475f-a1b2-006113f4202a,9639,14:27:30,14:27:30,28,,0,0,17416.0,1,1,0
94d638b5-8e2d-475f-a1b2-006113f4202a,9635,14:28:00,14:28:00,29,,0,0,17764.0,1,1,0
94d638b5-8e2d-475f-a1b2-006113f4202a,9612,14:29:00,14:29:00,30,,0,0,18102.0,1,1,0
94d638b5-8e2d-475f-a1b2-006113f4202a,9605,14:30:00,14:30:00,31,,0,0,18405.0,1,1,0
94d638b5-8e2d-475f-a1b2-006113f4202a,9604,14:31:00,14:31:00,32,,0,0,18855.0,1,1,0
94d638b5-8e2d-475f-a1b2-006113f4202a,9601,14:35:00,14:35:00,33,,1,0,19355.0,1,1,0
caf6ea11-318e-42d4-8e22-52ba730115c3,9602,13:05:00,13:05:00,1,,0,0,0.0,1,1,1
caf6ea11-318e-42d4-8e22-52ba730115c3,9603,13:06:00,13:06:00,2,,0,0,782.0,1,1,0
caf6ea11-318e-42d4-8e22-52ba730115c3,9606,13:07:00,13:07:00,3,,0,0,1173.0,1,1,0
caf6ea11-318e-42d4-8e22-52ba730115c3,9641,13:11:00,13:11:00,4,,0,0,1910.0,1,1,1
caf6ea11-318e-42d4-8e22-52ba730115c3,9650,13:11:30,13:11:30,5,,0,0,2474.0,1,1,0
caf6ea11-318e-42d4-8e22-52ba730115c3,9649,13:13:00,13:13:00,6,,0,0,3174.0,1,1,0
caf6ea11-318e-42d4-8e22-52ba730115c3,9633,13:17:00,13:17:00,7,,0,0,3686.0,1,1,1
caf6ea11-318e-42d4-8e22-52ba730115c3,9610,13:20:00,13:20:00,8,,0,0,4539.0,1,1,0
caf6ea11-318e-42d4-8e22-52ba730115c3,9658,13:21:00,13:21:00,9,,0,0,4861.0,1,1,0
caf6ea11-318e-42d4-8e22-52ba730115c3,9608,13:23:00,13:23:00,10,,0,0,5100.0,1,1,1
caf6ea11-318e-42d4-8e22-52ba730115c3,9622,13:24:00,13:24:00,11,,0,0,5358.0,1,1,0
caf6ea11-318e-42d4-8e22-52ba730115c3,9617,13:26:00,13:26:00,12,,0,0,6529.0,1,1,0
caf6ea11-318e-42d4-8e22-52ba730115c3,9625,13:27:00,13:27:00,13,,0,0,7317.0,1,1,0
caf6ea11-318e-42d4-8e22-52ba730115c3,9618,13:31:00,13:31:00,14,,0,0,7884.0,1,1,1
caf6ea11-318e-42d4-8e22-52ba730115c3,9626,13:32:00,13:32:00,15,,0,0,8152.0,1,1,0
caf6ea11-318e-42d4-8e22-52ba730115c3,9624,13:34:00,13:34:00,16,,0,0,9202.0,1,1,0
caf6ea11-318e-42d4-8e22-52ba730115c3,9620,13:37:00,13:37:00,17,,0,0,10397.0,1,1,0
caf6ea11-318e-42d4-8e22-52ba730115c3,9646,13:39:00,13:39:00,18,,0,0,11062.0,1,1,0
caf6ea11-318e-42d4-8e22-52ba730115c3,9655,13:41:00,13:41:00,19,,0,0,11967.0,1,1,1
caf6ea11-318e-42d4-8e22-52ba730115c3,9653,13:42:00,13:42:00,20,,0,0,12651.0,1,1,0
caf6ea11-318e-42d4-8e22-52ba730115c3,9656,13:43:00,13:43:00,21,,0,0,13226.0,1,1,0
caf6ea11-318e-42d4-8e22-52ba730115c3,9628,13:46:00,13:46:00,22,,0,0,13958.0,1,1,1
caf6ea11-318e-42d4-8e22-52ba730115c3,9630,13:47:00,13:47:00,23,,0,0,14604.0,1,1,0
caf6ea11-318e-42d4-8e22-52ba730115c3,9642,13:48:00,13:48:00,24,,0,0,15457.0,1,1,0
caf6ea11-318e-42d4-8e22-52ba730115c3,9632,13:49:00,13:49:00,25,,0,0,15752.0,1,1,0
caf6ea11-318e-42d4-8e22-52ba730115c3,9614,13:50:00,13:50:00,26,,0,0,16324.0,1,1,0
caf6ea11-318e-42d4-8e22-52ba730115c3,9637,13:53:00,13:53:00,27,,0,0,16872.0,1,1,1
caf6ea11-318e-42d4-8e22-52ba730115c3,9639,13:53:30,13:53:30,28,,0,0,17416.0,1,1,0
caf6ea11-318e-42d4-8e22-52ba730115c3,9635,13:54:00,13:54:00,29,,0,0,17764.0,1,1,0
caf6ea11-318e-42d4-8e22-52ba730115c3,9612,13:55:00,13:55:00,30,,0,0,18102.0,1,1,0
caf6ea11-318e-42d4-8e22-52ba730115c3,9605,13:56:00,13:56:00,31,,0,0,18405.0,1,1,0
caf6ea11-318e-42d4-8e22-52ba730115c3,9604,13:57:00,13:57:00,32,,0,0,18855.0,1,1,0
caf6ea11-318e-42d4-8e22-52ba730115c3,9601,14:00:00,14:00:00,33,,1,0,19355.0,1,1,0
ca6c2f42-709f-4ccc-86a2-f683dbc42f20,9602,12:35:00,12:35:00,1,,0,0,0.0,1,1,1
ca6c2f42-709f-4ccc-86a2-f683dbc42f20,9603,12:36:00,12:36:00,2,,0,0,782.0,1,1,0
ca6c2f42-709f-4ccc-86a2-f683dbc42f20,9606,12:37:00,12:37:00,3,,0,0,1173.0,1,1,0
ca6c2f42-709f-4ccc-86a2-f683dbc42f20,9641,12:40:00,12:40:00,4,,0,0,1910.0,1,1,1
ca6c2f42-709f-4ccc-86a2-f683dbc42f20,9650,12:41:00,12:41:00,5,,0,0,2474.0,1,1,0
ca6c2f42-709f-4ccc-86a2-f683dbc42f20,9649,12:43:00,12:43:00,6,,0,0,3174.0,1,1,0
ca6c2f42-709f-4ccc-86a2-f683dbc42f20,9633,12:48:00,12:48:00,7,,0,0,3686.0,1,1,1
ca6c2f42-709f-4ccc-86a2-f683dbc42f20,9610,12:51:00,12:51:00,8,,0,0,4539.0,1,1,0
ca6c2f42-709f-4ccc-86a2-f683dbc42f20,9658,12:52:00,12:52:00,9,,0,0,4861.0,1,1,0
ca6c2f42-709f-4ccc-86a2-f683dbc42f20,9608,12:54:00,12:54:00,10,,0,0,5100.0,1,1,1
ca6c2f42-709f-4ccc-86a2-f683dbc42f20,9622,12:55:00,12:55:00,11,,0,0,5358.0,1,1,0
ca6c2f42-709f-4ccc-86a2-f683dbc42f20,9617,12:57:00,12:57:00,12,,0,0,6529.0,1,1,0
ca6c2f42-709f-4ccc-86a2-f683dbc42f20,9625,12:58:00,12:58:00,13,,0,0,7317.0,1,1,0
ca6c2f42-709f-4ccc-86a2-f683dbc42f20,9618,13:02:00,13:02:00,14,,0,0,7884.0,1,1,1
ca6c2f42-709f-4ccc-86a2-f683dbc42f20,9626,13:03:00,13:03:00,15,,0,0,8152.0,1,1,0
ca6c2f42-709f-4ccc-86a2-f683dbc42f20,9624,13:05:00,13:05:00,16,,0,0,9202.0,1,1,0
ca6c2f42-709f-4ccc-86a2-f683dbc42f20,9620,13:08:00,13:08:00,17,,0,0,10397.0,1,1,0
ca6c2f42-709f-4ccc-86a2-f683dbc42f20,9646,13:11:00,13:11:00,18,,0,0,11062.0,1,1,0
ca6c2f42-709f-4ccc-86a2-f683dbc42f20,9655,13:12:00,13:12:00,19,,0,0,11967.0,1,1,1
ca6c2f42-709f-4ccc-86a2-f683dbc42f20,9653,13:13:00,13:13:00,20,,0,0,12651.0,1,1,0
ca6c2f42-709f-4ccc-86a2-f683dbc42f20,9656,13:14:00,13:14:00,21,,0,0,13226.0,1,1,0
ca6c2f42-709f-4ccc-86a2-f683dbc42f20,9628,13:18:00,13:18:00,22,,0,0,13958.0,1,1,1
ca6c2f42-709f-4ccc-86a2-f683dbc42f20,9630,13:19:00,13:19:00,23,,0,0,14604.0,1,1,0
ca6c2f42-709f-4ccc-86a2-f683dbc42f20,9642,13:21:00,13:21:00,24,,0,0,15457.0,1,1,0
ca6c2f42-709f-4ccc-86a2-f683dbc42f20,9632,13:21:30,13:21:30,25,,0,0,15752.0,1,1,0
ca6c2f42-709f-4ccc-86a2-f683dbc42f20,9614,13:22:00,13:22:00,26,,0,0,16324.0,1,1,0
ca6c2f42-709f-4ccc-86a2-f683dbc42f20,9637,13:25:00,13:25:00,27,,0,0,16872.0,1,1,1
ca6c2f42-709f-4ccc-86a2-f683dbc42f20,9639,13:25:30,13:25:30,28,,0,0,17416.0,1,1,0
ca6c2f42-709f-4ccc-86a2-f683dbc42f20,9635,13:26:00,13:26:00,29,,0,0,17764.0,1,1,0
ca6c2f42-709f-4ccc-86a2-f683dbc42f20,9612,13:27:00,13:27:00,30,,0,0,18102.0,1,1,0
ca6c2f42-709f-4ccc-86a2-f683dbc42f20,9605,13:28:00,13:28:00,31,,0,0,18405.0,1,1,0
ca6c2f42-709f-4ccc-86a2-f683dbc42f20,9604,13:29:00,13:29:00,32,,0,0,18855.0,1,1,0
ca6c2f42-709f-4ccc-86a2-f683dbc42f20,9601,13:33:00,13:33:00,33,,1,0,19355.0,1,1,0
ed78a89a-29cf-471f-a34c-099913185ad5,9602,12:00:00,12:00:00,1,,0,0,0.0,1,1,1
ed78a89a-29cf-471f-a34c-099913185ad5,9603,12:01:00,12:01:00,2,,0,0,782.0,1,1,0
ed78a89a-29cf-471f-a34c-099913185ad5,9606,12:02:00,12:02:00,3,,0,0,1173.0,1,1,0
ed78a89a-29cf-471f-a34c-099913185ad5,9641,12:06:00,12:06:00,4,,0,0,1910.0,1,1,1
ed78a89a-29cf-471f-a34c-099913185ad5,9650,12:07:00,12:07:00,5,,0,0,2474.0,1,1,0
ed78a89a-29cf-471f-a34c-099913185ad5,9649,12:09:00,12:09:00,6,,0,0,3174.0,1,1,0
ed78a89a-29cf-471f-a34c-099913185ad5,9633,12:13:00,12:13:00,7,,0,0,3686.0,1,1,1
ed78a89a-29cf-471f-a34c-099913185ad5,9610,12:16:00,12:16:00,8,,0,0,4539.0,1,1,0
ed78a89a-29cf-471f-a34c-099913185ad5,9658,12:17:00,12:17:00,9,,0,0,4861.0,1,1,0
ed78a89a-29cf-471f-a34c-099913185ad5,9608,12:19:00,12:19:00,10,,0,0,5100.0,1,1,1
ed78a89a-29cf-471f-a34c-099913185ad5,9622,12:20:00,12:20:00,11,,0,0,5358.0,1,1,0
ed78a89a-29cf-471f-a34c-099913185ad5,9617,12:22:00,12:22:00,12,,0,0,6529.0,1,1,0
ed78a89a-29cf-471f-a34c-099913185ad5,9625,12:23:00,12:23:00,13,,0,0,7317.0,1,1,0
ed78a89a-29cf-471f-a34c-099913185ad5,9618,12:27:00,12:27:00,14,,0,0,7884.0,1,1,1
ed78a89a-29cf-471f-a34c-099913185ad5,9626,12:28:00,12:28:00,15,,0,0,8152.0,1,1,0
ed78a89a-29cf-471f-a34c-099913185ad5,9624,12:30:00,12:30:00,16,,0,0,9202.0,1,1,0
ed78a89a-29cf-471f-a34c-099913185ad5,9620,12:33:00,12:33:00,17,,0,0,10397.0,1,1,0
ed78a89a-29cf-471f-a34c-099913185ad5,9646,12:35:00,12:35:00,18,,0,0,11062.0,1,1,0
ed78a89a-29cf-471f-a34c-099913185ad5,9655,12:38:00,12:38:00,19,,0,0,11967.0,1,1,1
ed78a89a-29cf-471f-a34c-099913185ad5,9653,12:39:00,12:39:00,20,,0,0,12651.0,1,1,0
ed78a89a-29cf-471f-a34c-099913185ad5,9656,12:40:00,12:40:00,21,,0,0,13226.0,1,1,0
ed78a89a-29cf-471f-a34c-099913185ad5,9628,12:44:00,12:44:00,22,,0,0,13958.0,1,1,1
ed78a89a-29cf-471f-a34c-099913185ad5,9630,12:45:00,12:45:00,23,,0,0,14604.0,1,1,0
ed78a89a-29cf-471f-a34c-099913185ad5,9642,12:47:00,12:47:00,24,,0,0,15457.0,1,1,0
ed78a89a-29cf-471f-a34c-099913185ad5,9632,12:47:30,12:47:30,25,,0,0,15752.0,1,1,0
ed78a89a-29cf-471f-a34c-099913185ad5,9614,12:48:00,12:48:00,26,,0,0,16324.0,1,1,0
ed78a89a-29cf-471f-a34c-099913185ad5,9637,12:51:00,12:51:00,27,,0,0,16872.0,1,1,1
ed78a89a-29cf-471f-a34c-099913185ad5,9639,12:51:30,12:51:30,28,,0,0,17416.0,1,1,0
ed78a89a-29cf-471f-a34c-099913185ad5,9635,12:52:00,12:52:00,29,,0,0,17764.0,1,1,0
ed78a89a-29cf-471f-a34c-099913185ad5,9612,12:53:00,12:53:00,30,,0,0,18102.0,1,1,0
ed78a89a-29cf-471f-a34c-099913185ad5,9605,12:54:00,12:54:00,31,,0,0,18405.0,1,1,0
ed78a89a-29cf-471f-a34c-099913185ad5,9604,12:55:00,12:55:00,32,,0,0,18855.0,1,1,0
ed78a89a-29cf-471f-a34c-099913185ad5,9601,13:00:00,13:00:00,33,,1,0,19355.0,1,1,0
d061bdc7-42a4-42b8-982a-58caa2209449,9602,11:35:00,11:35:00,1,,0,0,0.0,1,1,1
d061bdc7-42a4-42b8-982a-58caa2209449,9603,11:36:00,11:36:00,2,,0,0,782.0,1,1,0
d061bdc7-42a4-42b8-982a-58caa2209449,9606,11:37:00,11:37:00,3,,0,0,1173.0,1,1,0
d061bdc7-42a4-42b8-982a-58caa2209449,9641,11:41:00,11:41:00,4,,0,0,1910.0,1,1,1
d061bdc7-42a4-42b8-982a-58caa2209449,9650,11:42:00,11:42:00,5,,0,0,2474.0,1,1,0
d061bdc7-42a4-42b8-982a-58caa2209449,9649,11:44:00,11:44:00,6,,0,0,3174.0,1,1,0
d061bdc7-42a4-42b8-982a-58caa2209449,9633,11:48:00,11:48:00,7,,0,0,3686.0,1,1,1
d061bdc7-42a4-42b8-982a-58caa2209449,9610,11:51:00,11:51:00,8,,0,0,4539.0,1,1,0
d061bdc7-42a4-42b8-982a-58caa2209449,9658,11:52:00,11:52:00,9,,0,0,4861.0,1,1,0
d061bdc7-42a4-42b8-982a-58caa2209449,9608,11:54:00,11:54:00,10,,0,0,5100.0,1,1,1
d061bdc7-42a4-42b8-982a-58caa2209449,9622,11:55:00,11:55:00,11,,0,0,5358.0,1,1,0
d061bdc7-42a4-42b8-982a-58caa2209449,9617,11:57:00,11:57:00,12,,0,0,6529.0,1,1,0
d061bdc7-42a4-42b8-982a-58caa2209449,9625,11:58:00,11:58:00,13,,0,0,7317.0,1,1,0
d061bdc7-42a4-42b8-982a-58caa2209449,9618,12:01:00,12:01:00,14,,0,0,7884.0,1,1,1
d061bdc7-42a4-42b8-982a-58caa2209449,9626,12:02:00,12:02:00,15,,0,0,8152.0,1,1,0
d061bdc7-42a4-42b8-982a-58caa2209449,9624,12:04:00,12:04:00,16,,0,0,9202.0,1,1,0
d061bdc7-42a4-42b8-982a-58caa2209449,9620,12:07:00,12:07:00,17,,0,0,10397.0,1,1,0
d061bdc7-42a4-42b8-982a-58caa2209449,9646,12:08:00,12:08:00,18,,0,0,11062.0,1,1,0
d061bdc7-42a4-42b8-982a-58caa2209449,9655,12:11:00,12:11:00,19,,0,0,11967.0,1,1,1
d061bdc7-42a4-42b8-982a-58caa2209449,9653,12:12:00,12:12:00,20,,0,0,12651.0,1,1,0
d061bdc7-42a4-42b8-982a-58caa2209449,9656,12:13:00,12:13:00,21,,0,0,13226.0,1,1,0
d061bdc7-42a4-42b8-982a-58caa2209449,9628,12:17:00,12:17:00,22,,0,0,13958.0,1,1,1
d061bdc7-42a4-42b8-982a-58caa2209449,9630,12:17:15,12:17:15,23,,0,0,14604.0,1,1,0
d061bdc7-42a4-42b8-982a-58caa2209449,9642,12:19:00,12:19:00,24,,0,0,15457.0,1,1,0
d061bdc7-42a4-42b8-982a-58caa2209449,9632,12:19:30,12:19:30,25,,0,0,15752.0,1,1,0
d061bdc7-42a4-42b8-982a-58caa2209449,9614,12:20:00,12:20:00,26,,0,0,16324.0,1,1,0
d061bdc7-42a4-42b8-982a-58caa2209449,9637,12:23:00,12:23:00,27,,0,0,16872.0,1,1,1
d061bdc7-42a4-42b8-982a-58caa2209449,9639,12:23:30,12:23:30,28,,0,0,17416.0,1,1,0
d061bdc7-42a4-42b8-982a-58caa2209449,9635,12:24:00,12:24:00,29,,0,0,17764.0,1,1,0
d061bdc7-42a4-42b8-982a-58caa2209449,9612,12:25:00,12:25:00,30,,0,0,18102.0,1,1,0
d061bdc7-42a4-42b8-982a-58caa2209449,9605,12:26:00,12:26:00,31,,0,0,18405.0,1,1,0
d061bdc7-42a4-42b8-982a-58caa2209449,9604,12:27:00,12:27:00,32,,0,0,18855.0,1,1,0
d061bdc7-42a4-42b8-982a-58caa2209449,9601,12:30:00,12:30:00,33,,1,0,19355.0,1,1,0
c10da26d-b4c3-44e2-bf81-9c2ec0731ce9,9602,11:00:00,11:00:00,1,,0,0,0.0,1,1,1
c10da26d-b4c3-44e2-bf81-9c2ec0731ce9,9603,11:01:00,11:01:00,2,,0,0,782.0,1,1,0
c10da26d-b4c3-44e2-bf81-9c2ec0731ce9,9606,11:02:00,11:02:00,3,,0,0,1173.0,1,1,0
c10da26d-b4c3-44e2-bf81-9c2ec0731ce9,9641,11:05:00,11:05:00,4,,0,0,1910.0,1,1,1
c10da26d-b4c3-44e2-bf81-9c2ec0731ce9,9650,11:06:00,11:06:00,5,,0,0,2474.0,1,1,0
c10da26d-b4c3-44e2-bf81-9c2ec0731ce9,9649,11:08:00,11:08:00,6,,0,0,3174.0,1,1,0
c10da26d-b4c3-44e2-bf81-9c2ec0731ce9,9633,11:12:00,11:12:00,7,,0,0,3686.0,1,1,1
c10da26d-b4c3-44e2-bf81-9c2ec0731ce9,9610,11:15:00,11:15:00,8,,0,0,4539.0,1,1,0
c10da26d-b4c3-44e2-bf81-9c2ec0731ce9,9658,11:16:00,11:16:00,9,,0,0,4861.0,1,1,0
c10da26d-b4c3-44e2-bf81-9c2ec0731ce9,9608,11:18:00,11:18:00,10,,0,0,5100.0,1,1,1
c10da26d-b4c3-44e2-bf81-9c2ec0731ce9,9622,11:19:00,11:19:00,11,,0,0,5358.0,1,1,0
c10da26d-b4c3-44e2-bf81-9c2ec0731ce9,9617,11:21:00,11:21:00,12,,0,0,6529.0,1,1,0
c10da26d-b4c3-44e2-bf81-9c2ec0731ce9,9625,11:22:00,11:22:00,13,,0,0,7317.0,1,1,0
c10da26d-b4c3-44e2-bf81-9c2ec0731ce9,9618,11:25:00,11:25:00,14,,0,0,7884.0,1,1,1
c10da26d-b4c3-44e2-bf81-9c2ec0731ce9,9626,11:26:00,11:26:00,15,,0,0,8152.0,1,1,0
c10da26d-b4c3-44e2-bf81-9c2ec0731ce9,9624,11:28:00,11:28:00,16,,0,0,9202.0,1,1,0
c10da26d-b4c3-44e2-bf81-9c2ec0731ce9,9620,11:31:00,11:31:00,17,,0,0,10397.0,1,1,0
c10da26d-b4c3-44e2-bf81-9c2ec0731ce9,9646,11:32:00,11:32:00,18,,0,0,11062.0,1,1,0
c10da26d-b4c3-44e2-bf81-9c2ec0731ce9,9655,11:35:00,11:35:00,19,,0,0,11967.0,1,1,1
c10da26d-b4c3-44e2-bf81-9c2ec0731ce9,9653,11:36:00,11:36:00,20,,0,0,12651.0,1,1,0
c10da26d-b4c3-44e2-bf81-9c2ec0731ce9,9656,11:37:00,11:37:00,21,,0,0,13226.0,1,1,0
c10da26d-b4c3-44e2-bf81-9c2ec0731ce9,9628,11:40:00,11:40:00,22,,0,0,13958.0,1,1,1
c10da26d-b4c3-44e2-bf81-9c2ec0731ce9,9630,11:41:00,11:41:00,23,,0,0,14604.0,1,1,0
c10da26d-b4c3-44e2-bf81-9c2ec0731ce9,9642,11:43:00,11:43:00,24,,0,0,15457.0,1,1,0
c10da26d-b4c3-44e2-bf81-9c2ec0731ce9,9632,11:43:30,11:43:30,25,,0,0,15752.0,1,1,0
c10da26d-b4c3-44e2-bf81-9c2ec0731ce9,9614,11:44:00,11:44:00,26,,0,0,16324.0,1,1,0
c10da26d-b4c3-44e2-bf81-9c2ec0731ce9,9637,11:47:00,11:47:00,27,,0,0,16872.0,1,1,1
c10da26d-b4c3-44e2-bf81-9c2ec0731ce9,9639,11:47:30,11:47:30,28,,0,0,17416.0,1,1,0
c10da26d-b4c3-44e2-bf81-9c2ec0731ce9,9635,11:48:00,11:48:00,29,,0,0,17764.0,1,1,0
c10da26d-b4c3-44e2-bf81-9c2ec0731ce9,9612,11:49:00,11:49:00,30,,0,0,18102.0,1,1,0
c10da26d-b4c3-44e2-bf81-9c2ec0731ce9,9605,11:50:00,11:50:00,31,,0,0,18405.0,1,1,0
c10da26d-b4c3-44e2-bf81-9c2ec0731ce9,9604,11:51:00,11:51:00,32,,0,0,18855.0,1,1,0
c10da26d-b4c3-44e2-bf81-9c2ec0731ce9,9601,11:55:00,11:55:00,33,,1,0,19355.0,1,1,0
a21158f1-7584-41c2-9470-c0f64c33d9d2,9602,10:35:00,10:35:00,1,,0,0,0.0,1,1,1
a21158f1-7584-41c2-9470-c0f64c33d9d2,9603,10:36:00,10:36:00,2,,0,0,782.0,1,1,0
a21158f1-7584-41c2-9470-c0f64c33d9d2,9606,10:37:00,10:37:00,3,,0,0,1173.0,1,1,0
a21158f1-7584-41c2-9470-c0f64c33d9d2,9641,10:40:00,10:40:00,4,,0,0,1910.0,1,1,1
a21158f1-7584-41c2-9470-c0f64c33d9d2,9650,10:41:00,10:41:00,5,,0,0,2474.0,1,1,0
a21158f1-7584-41c2-9470-c0f64c33d9d2,9649,10:43:00,10:43:00,6,,0,0,3174.0,1,1,0
a21158f1-7584-41c2-9470-c0f64c33d9d2,9633,10:47:00,10:47:00,7,,0,0,3686.0,1,1,1
a21158f1-7584-41c2-9470-c0f64c33d9d2,9610,10:49:00,10:49:00,8,,0,0,4539.0,1,1,0
a21158f1-7584-41c2-9470-c0f64c33d9d2,9658,10:50:00,10:50:00,9,,0,0,4861.0,1,1,0
a21158f1-7584-41c2-9470-c0f64c33d9d2,9608,10:52:00,10:52:00,10,,0,0,5100.0,1,1,1
a21158f1-7584-41c2-9470-c0f64c33d9d2,9622,10:53:00,10:53:00,11,,0,0,5358.0,1,1,0
a21158f1-7584-41c2-9470-c0f64c33d9d2,9617,10:55:00,10:55:00,12,,0,0,6529.0,1,1,0
a21158f1-7584-41c2-9470-c0f64c33d9d2,9625,10:57:00,10:57:00,13,,0,0,7317.0,1,1,0
a21158f1-7584-41c2-9470-c0f64c33d9d2,9618,11:00:00,11:00:00,14,,0,0,7884.0,1,1,1
a21158f1-7584-41c2-9470-c0f64c33d9d2,9626,11:01:00,11:01:00,15,,0,0,8152.0,1,1,0
a21158f1-7584-41c2-9470-c0f64c33d9d2,9624,11:03:00,11:03:00,16,,0,0,9202.0,1,1,0
a21158f1-7584-41c2-9470-c0f64c33d9d2,9620,11:06:00,11:06:00,17,,0,0,10397.0,1,1,0
a21158f1-7584-41c2-9470-c0f64c33d9d2,9646,11:07:00,11:07:00,18,,0,0,11062.0,1,1,0
a21158f1-7584-41c2-9470-c0f64c33d9d2,9655,11:10:00,11:10:00,19,,0,0,11967.0,1,1,1
a21158f1-7584-41c2-9470-c0f64c33d9d2,9653,11:11:00,11:11:00,20,,0,0,12651.0,1,1,0
a21158f1-7584-41c2-9470-c0f64c33d9d2,9656,11:12:00,11:12:00,21,,0,0,13226.0,1,1,0
a21158f1-7584-41c2-9470-c0f64c33d9d2,9628,11:15:00,11:15:00,22,,0,0,13958.0,1,1,1
a21158f1-7584-41c2-9470-c0f64c33d9d2,9630,11:16:00,11:16:00,23,,0,0,14604.0,1,1,0
a21158f1-7584-41c2-9470-c0f64c33d9d2,9642,11:17:00,11:17:00,24,,0,0,15457.0,1,1,0
a21158f1-7584-41c2-9470-c0f64c33d9d2,9632,11:17:30,11:17:30,25,,0,0,15752.0,1,1,0
a21158f1-7584-41c2-9470-c0f64c33d9d2,9614,11:18:00,11:18:00,26,,0,0,16324.0,1,1,0
a21158f1-7584-41c2-9470-c0f64c33d9d2,9637,11:22:00,11:22:00,27,,0,0,16872.0,1,1,1
a21158f1-7584-41c2-9470-c0f64c33d9d2,9639,11:22:30,11:22:30,28,,0,0,17416.0,1,1,0
a21158f1-7584-41c2-9470-c0f64c33d9d2,9635,11:23:00,11:23:00,29,,0,0,17764.0,1,1,0
a21158f1-7584-41c2-9470-c0f64c33d9d2,9612,11:24:00,11:24:00,30,,0,0,18102.0,1,1,0
a21158f1-7584-41c2-9470-c0f64c33d9d2,9605,11:25:00,11:25:00,31,,0,0,18405.0,1,1,0
a21158f1-7584-41c2-9470-c0f64c33d9d2,9604,11:26:00,11:26:00,32,,0,0,18855.0,1,1,0
a21158f1-7584-41c2-9470-c0f64c33d9d2,9601,11:30:00,11:30:00,33,,1,0,19355.0,1,1,0
980c2265-3ac3-40bc-a57b-ec81543f50cc,9602,10:00:00,10:00:00,1,,0,0,0.0,1,1,1
980c2265-3ac3-40bc-a57b-ec81543f50cc,9603,10:01:00,10:01:00,2,,0,0,782.0,1,1,0
980c2265-3ac3-40bc-a57b-ec81543f50cc,9606,10:02:00,10:02:00,3,,0,0,1173.0,1,1,0
980c2265-3ac3-40bc-a57b-ec81543f50cc,9641,10:05:00,10:05:00,4,,0,0,1910.0,1,1,1
980c2265-3ac3-40bc-a57b-ec81543f50cc,9650,10:06:00,10:06:00,5,,0,0,2474.0,1,1,0
980c2265-3ac3-40bc-a57b-ec81543f50cc,9649,10:08:00,10:08:00,6,,0,0,3174.0,1,1,0
980c2265-3ac3-40bc-a57b-ec81543f50cc,9633,10:13:00,10:13:00,7,,0,0,3686.0,1,1,1
980c2265-3ac3-40bc-a57b-ec81543f50cc,9610,10:16:00,10:16:00,8,,0,0,4539.0,1,1,0
980c2265-3ac3-40bc-a57b-ec81543f50cc,9658,10:17:00,10:17:00,9,,0,0,4861.0,1,1,0
980c2265-3ac3-40bc-a57b-ec81543f50cc,9608,10:19:00,10:19:00,10,,0,0,5100.0,1,1,1
980c2265-3ac3-40bc-a57b-ec81543f50cc,9622,10:20:00,10:20:00,11,,0,0,5358.0,1,1,0
980c2265-3ac3-40bc-a57b-ec81543f50cc,9617,10:22:00,10:22:00,12,,0,0,6529.0,1,1,0
980c2265-3ac3-40bc-a57b-ec81543f50cc,9625,10:23:00,10:23:00,13,,0,0,7317.0,1,1,0
980c2265-3ac3-40bc-a57b-ec81543f50cc,9618,10:27:00,10:27:00,14,,0,0,7884.0,1,1,1
980c2265-3ac3-40bc-a57b-ec81543f50cc,9626,10:28:00,10:28:00,15,,0,0,8152.0,1,1,0
980c2265-3ac3-40bc-a57b-ec81543f50cc,9624,10:30:00,10:30:00,16,,0,0,9202.0,1,1,0
980c2265-3ac3-40bc-a57b-ec81543f50cc,9620,10:32:00,10:32:00,17,,0,0,10397.0,1,1,0
980c2265-3ac3-40bc-a57b-ec81543f50cc,9646,10:34:00,10:34:00,18,,0,0,11062.0,1,1,0
980c2265-3ac3-40bc-a57b-ec81543f50cc,9655,10:37:00,10:37:00,19,,0,0,11967.0,1,1,0
980c2265-3ac3-40bc-a57b-ec81543f50cc,9653,10:38:00,10:38:00,20,,0,0,12651.0,1,1,0
980c2265-3ac3-40bc-a57b-ec81543f50cc,9656,10:39:00,10:39:00,21,,0,0,13226.0,1,1,0
980c2265-3ac3-40bc-a57b-ec81543f50cc,9628,10:42:00,10:42:00,22,,0,0,13958.0,1,1,1
980c2265-3ac3-40bc-a57b-ec81543f50cc,9630,10:43:00,10:43:00,23,,0,0,14604.0,1,1,0
980c2265-3ac3-40bc-a57b-ec81543f50cc,9642,10:44:00,10:44:00,24,,0,0,15457.0,1,1,0
980c2265-3ac3-40bc-a57b-ec81543f50cc,9632,10:44:30,10:44:30,25,,0,0,15752.0,1,1,0
980c2265-3ac3-40bc-a57b-ec81543f50cc,9614,10:45:00,10:45:00,26,,0,0,16324.0,1,1,0
980c2265-3ac3-40bc-a57b-ec81543f50cc,9637,10:49:00,10:49:00,27,,0,0,16872.0,1,1,1
980c2265-3ac3-40bc-a57b-ec81543f50cc,9639,10:49:30,10:49:30,28,,0,0,17416.0,1,1,0
980c2265-3ac3-40bc-a57b-ec81543f50cc,9635,10:50:00,10:50:00,29,,0,0,17764.0,1,1,0
980c2265-3ac3-40bc-a57b-ec81543f50cc,9612,10:51:00,10:51:00,30,,0,0,18102.0,1,1,0
980c2265-3ac3-40bc-a57b-ec81543f50cc,9605,10:52:00,10:52:00,31,,0,0,18405.0,1,1,0
980c2265-3ac3-40bc-a57b-ec81543f50cc,9604,10:53:00,10:53:00,32,,0,0,18855.0,1,1,0
980c2265-3ac3-40bc-a57b-ec81543f50cc,9601,10:55:00,10:55:00,33,,1,0,19355.0,1,1,0
8fbc0e37-501c-4bd0-ad39-f14b7abc3dd7,9602,09:35:00,09:35:00,1,,0,0,0.0,1,1,1
8fbc0e37-501c-4bd0-ad39-f14b7abc3dd7,9603,09:36:00,09:36:00,2,,0,0,782.0,1,1,0
8fbc0e37-501c-4bd0-ad39-f14b7abc3dd7,9606,09:37:00,09:37:00,3,,0,0,1173.0,1,1,0
8fbc0e37-501c-4bd0-ad39-f14b7abc3dd7,9641,09:40:00,09:40:00,4,,0,0,1910.0,1,1,1
8fbc0e37-501c-4bd0-ad39-f14b7abc3dd7,9650,09:41:00,09:41:00,5,,0,0,2474.0,1,1,0
8fbc0e37-501c-4bd0-ad39-f14b7abc3dd7,9649,09:43:00,09:43:00,6,,0,0,3174.0,1,1,0
8fbc0e37-501c-4bd0-ad39-f14b7abc3dd7,9633,09:47:00,09:47:00,7,,0,0,3686.0,1,1,1
8fbc0e37-501c-4bd0-ad39-f14b7abc3dd7,9610,09:50:00,09:50:00,8,,0,0,4539.0,1,1,0
8fbc0e37-501c-4bd0-ad39-f14b7abc3dd7,9658,09:51:00,09:51:00,9,,0,0,4861.0,1,1,0
8fbc0e37-501c-4bd0-ad39-f14b7abc3dd7,9608,09:53:00,09:53:00,10,,0,0,5100.0,1,1,1
8fbc0e37-501c-4bd0-ad39-f14b7abc3dd7,9622,09:54:00,09:54:00,11,,0,0,5358.0,1,1,0
8fbc0e37-501c-4bd0-ad39-f14b7abc3dd7,9617,09:56:00,09:56:00,12,,0,0,6529.0,1,1,0
8fbc0e37-501c-4bd0-ad39-f14b7abc3dd7,9625,09:57:00,09:57:00,13,,0,0,7317.0,1,1,0
8fbc0e37-501c-4bd0-ad39-f14b7abc3dd7,9618,10:01:00,10:01:00,14,,0,0,7884.0,1,1,1
8fbc0e37-501c-4bd0-ad39-f14b7abc3dd7,9626,10:02:00,10:02:00,15,,0,0,8152.0,1,1,0
8fbc0e37-501c-4bd0-ad39-f14b7abc3dd7,9624,10:04:00,10:04:00,16,,0,0,9202.0,1,1,0
8fbc0e37-501c-4bd0-ad39-f14b7abc3dd7,9620,10:06:00,10:06:00,17,,0,0,10397.0,1,1,0
8fbc0e37-501c-4bd0-ad39-f14b7abc3dd7,9646,10:07:00,10:07:00,18,,0,0,11062.0,1,1,0
8fbc0e37-501c-4bd0-ad39-f14b7abc3dd7,9655,10:10:00,10:10:00,19,,0,0,11967.0,1,1,1
8fbc0e37-501c-4bd0-ad39-f14b7abc3dd7,9653,10:11:00,10:11:00,20,,0,0,12651.0,1,1,0
8fbc0e37-501c-4bd0-ad39-f14b7abc3dd7,9656,10:12:00,10:12:00,21,,0,0,13226.0,1,1,0
8fbc0e37-501c-4bd0-ad39-f14b7abc3dd7,9628,10:15:00,10:15:00,22,,0,0,13958.0,1,1,1
8fbc0e37-501c-4bd0-ad39-f14b7abc3dd7,9630,10:16:00,10:16:00,23,,0,0,14604.0,1,1,0
8fbc0e37-501c-4bd0-ad39-f14b7abc3dd7,9642,10:18:00,10:18:00,24,,0,0,15457.0,1,1,0
8fbc0e37-501c-4bd0-ad39-f14b7abc3dd7,9632,10:18:30,10:18:30,25,,0,0,15752.0,1,1,0
8fbc0e37-501c-4bd0-ad39-f14b7abc3dd7,9614,10:19:00,10:19:00,26,,0,0,16324.0,1,1,0
8fbc0e37-501c-4bd0-ad39-f14b7abc3dd7,9637,10:22:00,10:22:00,27,,0,0,16872.0,1,1,1
8fbc0e37-501c-4bd0-ad39-f14b7abc3dd7,9639,10:22:30,10:22:30,28,,0,0,17416.0,1,1,0
8fbc0e37-501c-4bd0-ad39-f14b7abc3dd7,9635,10:23:00,10:23:00,29,,0,0,17764.0,1,1,0
8fbc0e37-501c-4bd0-ad39-f14b7abc3dd7,9612,10:24:00,10:24:00,30,,0,0,18102.0,1,1,0
8fbc0e37-501c-4bd0-ad39-f14b7abc3dd7,9605,10:25:00,10:25:00,31,,0,0,18405.0,1,1,0
8fbc0e37-501c-4bd0-ad39-f14b7abc3dd7,9604,10:26:00,10:26:00,32,,0,0,18855.0,1,1,0
8fbc0e37-501c-4bd0-ad39-f14b7abc3dd7,9601,10:30:00,10:30:00,33,,1,0,19355.0,1,1,0
f34f9d6f-3a18-408e-b26f-09dd2cedb49f,9602,09:00:00,09:00:00,1,,0,0,0.0,1,1,1
f34f9d6f-3a18-408e-b26f-09dd2cedb49f,9603,09:01:00,09:01:00,2,,0,0,782.0,1,1,0
f34f9d6f-3a18-408e-b26f-09dd2cedb49f,9606,09:02:00,09:02:00,3,,0,0,1173.0,1,1,0
f34f9d6f-3a18-408e-b26f-09dd2cedb49f,9641,09:05:00,09:05:00,4,,0,0,1910.0,1,1,1
f34f9d6f-3a18-408e-b26f-09dd2cedb49f,9650,09:06:00,09:06:00,5,,0,0,2474.0,1,1,0
f34f9d6f-3a18-408e-b26f-09dd2cedb49f,9649,09:08:00,09:08:00,6,,0,0,3174.0,1,1,0
f34f9d6f-3a18-408e-b26f-09dd2cedb49f,9633,09:13:00,09:13:00,7,,0,0,3686.0,1,1,1
f34f9d6f-3a18-408e-b26f-09dd2cedb49f,9610,09:15:00,09:15:00,8,,0,0,4539.0,1,1,0
f34f9d6f-3a18-408e-b26f-09dd2cedb49f,9658,09:16:00,09:16:00,9,,0,0,4861.0,1,1,0
f34f9d6f-3a18-408e-b26f-09dd2cedb49f,9608,09:18:00,09:18:00,10,,0,0,5100.0,1,1,1
f34f9d6f-3a18-408e-b26f-09dd2cedb49f,9622,09:19:00,09:19:00,11,,0,0,5358.0,1,1,0
f34f9d6f-3a18-408e-b26f-09dd2cedb49f,9617,09:21:00,09:21:00,12,,0,0,6529.0,1,1,0
f34f9d6f-3a18-408e-b26f-09dd2cedb49f,9625,09:22:00,09:22:00,13,,0,0,7317.0,1,1,0
f34f9d6f-3a18-408e-b26f-09dd2cedb49f,9618,09:26:00,09:26:00,14,,0,0,7884.0,1,1,1
f34f9d6f-3a18-408e-b26f-09dd2cedb49f,9626,09:27:00,09:27:00,15,,0,0,8152.0,1,1,0
f34f9d6f-3a18-408e-b26f-09dd2cedb49f,9624,09:29:00,09:29:00,16,,0,0,9202.0,1,1,0
f34f9d6f-3a18-408e-b26f-09dd2cedb49f,9620,09:32:00,09:32:00,17,,0,0,10397.0,1,1,0
f34f9d6f-3a18-408e-b26f-09dd2cedb49f,9646,09:33:00,09:33:00,18,,0,0,11062.0,1,1,0
f34f9d6f-3a18-408e-b26f-09dd2cedb49f,9655,09:36:00,09:36:00,19,,0,0,11967.0,1,1,1
f34f9d6f-3a18-408e-b26f-09dd2cedb49f,9653,09:37:00,09:37:00,20,,0,0,12651.0,1,1,0
f34f9d6f-3a18-408e-b26f-09dd2cedb49f,9656,09:38:00,09:38:00,21,,0,0,13226.0,1,1,0
f34f9d6f-3a18-408e-b26f-09dd2cedb49f,9628,09:41:00,09:41:00,22,,0,0,13958.0,1,1,1
f34f9d6f-3a18-408e-b26f-09dd2cedb49f,9630,09:42:00,09:42:00,23,,0,0,14604.0,1,1,0
f34f9d6f-3a18-408e-b26f-09dd2cedb49f,9642,09:44:00,09:44:00,24,,0,0,15457.0,1,1,0
f34f9d6f-3a18-408e-b26f-09dd2cedb49f,9632,09:44:30,09:44:30,25,,0,0,15752.0,1,1,0
f34f9d6f-3a18-408e-b26f-09dd2cedb49f,9614,09:45:00,09:45:00,26,,0,0,16324.0,1,1,0
f34f9d6f-3a18-408e-b26f-09dd2cedb49f,9637,09:48:00,09:48:00,27,,0,0,16872.0,1,1,1
f34f9d6f-3a18-408e-b26f-09dd2cedb49f,9639,09:48:30,09:48:30,28,,0,0,17416.0,1,1,0
f34f9d6f-3a18-408e-b26f-09dd2cedb49f,9635,09:49:00,09:49:00,29,,0,0,17764.0,1,1,0
f34f9d6f-3a18-408e-b26f-09dd2cedb49f,9612,09:50:00,09:50:00,30,,0,0,18102.0,1,1,0
f34f9d6f-3a18-408e-b26f-09dd2cedb49f,9605,09:51:00,09:51:00,31,,0,0,18405.0,1,1,0
f34f9d6f-3a18-408e-b26f-09dd2cedb49f,9604,09:52:00,09:52:00,32,,0,0,18855.0,1,1,0
f34f9d6f-3a18-408e-b26f-09dd2cedb49f,9601,09:55:00,09:55:00,33,,1,0,19355.0,1,1,0
ca8b1148-a2c1-464e-b932-47226234ac67,9602,08:35:00,08:35:00,1,,0,0,0.0,1,1,1
ca8b1148-a2c1-464e-b932-47226234ac67,9603,08:36:00,08:36:00,2,,0,0,782.0,1,1,0
ca8b1148-a2c1-464e-b932-47226234ac67,9606,08:37:00,08:37:00,3,,0,0,1173.0,1,1,0
ca8b1148-a2c1-464e-b932-47226234ac67,9641,08:41:00,08:41:00,4,,0,0,1910.0,1,1,1
ca8b1148-a2c1-464e-b932-47226234ac67,9650,08:42:00,08:42:00,5,,0,0,2474.0,1,1,0
ca8b1148-a2c1-464e-b932-47226234ac67,9649,08:44:00,08:44:00,6,,0,0,3174.0,1,1,0
ca8b1148-a2c1-464e-b932-47226234ac67,9633,08:49:00,08:49:00,7,,0,0,3686.0,1,1,1
ca8b1148-a2c1-464e-b932-47226234ac67,9610,08:51:00,08:51:00,8,,0,0,4539.0,1,1,0
ca8b1148-a2c1-464e-b932-47226234ac67,9658,08:52:00,08:52:00,9,,0,0,4861.0,1,1,0
ca8b1148-a2c1-464e-b932-47226234ac67,9608,08:54:00,08:54:00,10,,0,0,5100.0,1,1,1
ca8b1148-a2c1-464e-b932-47226234ac67,9622,08:55:00,08:55:00,11,,0,0,5358.0,1,1,0
ca8b1148-a2c1-464e-b932-47226234ac67,9617,08:58:00,08:58:00,12,,0,0,6529.0,1,1,0
ca8b1148-a2c1-464e-b932-47226234ac67,9625,08:59:00,08:59:00,13,,0,0,7317.0,1,1,0
ca8b1148-a2c1-464e-b932-47226234ac67,9618,09:03:00,09:03:00,14,,0,0,7884.0,1,1,1
ca8b1148-a2c1-464e-b932-47226234ac67,9626,09:04:00,09:04:00,15,,0,0,8152.0,1,1,0
ca8b1148-a2c1-464e-b932-47226234ac67,9624,09:07:00,09:07:00,16,,0,0,9202.0,1,1,0
ca8b1148-a2c1-464e-b932-47226234ac67,9620,09:10:00,09:10:00,17,,0,0,10397.0,1,1,0
ca8b1148-a2c1-464e-b932-47226234ac67,9646,09:11:00,09:11:00,18,,0,0,11062.0,1,1,0
ca8b1148-a2c1-464e-b932-47226234ac67,9655,09:14:00,09:14:00,19,,0,0,11967.0,1,1,1
ca8b1148-a2c1-464e-b932-47226234ac67,9653,09:15:00,09:15:00,20,,0,0,12651.0,1,1,0
ca8b1148-a2c1-464e-b932-47226234ac67,9656,09:16:00,09:16:00,21,,0,0,13226.0,1,1,0
ca8b1148-a2c1-464e-b932-47226234ac67,9628,09:19:00,09:19:00,22,,0,0,13958.0,1,1,1
ca8b1148-a2c1-464e-b932-47226234ac67,9630,09:20:00,09:20:00,23,,0,0,14604.0,1,1,0
ca8b1148-a2c1-464e-b932-47226234ac67,9642,09:21:00,09:21:00,24,,0,0,15457.0,1,1,0
ca8b1148-a2c1-464e-b932-47226234ac67,9632,09:21:30,09:21:30,25,,0,0,15752.0,1,1,0
ca8b1148-a2c1-464e-b932-47226234ac67,9614,09:22:00,09:22:00,26,,0,0,16324.0,1,1,0
ca8b1148-a2c1-464e-b932-47226234ac67,9637,09:25:00,09:25:00,27,,0,0,16872.0,1,1,1
ca8b1148-a2c1-464e-b932-47226234ac67,9639,09:25:30,09:25:30,28,,0,0,17416.0,1,1,0
ca8b1148-a2c1-464e-b932-47226234ac67,9635,09:26:00,09:26:00,29,,0,0,17764.0,1,1,0
ca8b1148-a2c1-464e-b932-47226234ac67,9612,09:27:00,09:27:00,30,,0,0,18102.0,1,1,0
ca8b1148-a2c1-464e-b932-47226234ac67,9605,09:28:00,09:28:00,31,,0,0,18405.0,1,1,0
ca8b1148-a2c1-464e-b932-47226234ac67,9604,09:29:00,09:29:00,32,,0,0,18855.0,1,1,0
ca8b1148-a2c1-464e-b932-47226234ac67,9601,09:31:00,09:31:00,33,,1,0,19355.0,1,1,0
1e04a2b6-49ff-426c-a291-cbd753af0335,9602,08:00:00,08:00:00,1,,0,0,0.0,1,1,1
1e04a2b6-49ff-426c-a291-cbd753af0335,9603,08:01:00,08:01:00,2,,0,0,782.0,1,1,0
1e04a2b6-49ff-426c-a291-cbd753af0335,9606,08:02:00,08:02:00,3,,0,0,1173.0,1,1,0
1e04a2b6-49ff-426c-a291-cbd753af0335,9641,08:06:00,08:06:00,4,,0,0,1910.0,1,1,1
1e04a2b6-49ff-426c-a291-cbd753af0335,9650,08:07:00,08:07:00,5,,0,0,2474.0,1,1,0
1e04a2b6-49ff-426c-a291-cbd753af0335,9649,08:09:00,08:09:00,6,,0,0,3174.0,1,1,0
1e04a2b6-49ff-426c-a291-cbd753af0335,9633,08:13:00,08:13:00,7,,0,0,3686.0,1,1,1
1e04a2b6-49ff-426c-a291-cbd753af0335,9610,08:15:00,08:15:00,8,,0,0,4539.0,1,1,0
1e04a2b6-49ff-426c-a291-cbd753af0335,9658,08:16:00,08:16:00,9,,0,0,4861.0,1,1,0
1e04a2b6-49ff-426c-a291-cbd753af0335,9608,08:18:00,08:18:00,10,,0,0,5100.0,1,1,1
1e04a2b6-49ff-426c-a291-cbd753af0335,9622,08:19:00,08:19:00,11,,0,0,5358.0,1,1,0
1e04a2b6-49ff-426c-a291-cbd753af0335,9617,08:22:00,08:22:00,12,,0,0,6529.0,1,1,0
1e04a2b6-49ff-426c-a291-cbd753af0335,9625,08:24:00,08:24:00,13,,0,0,7317.0,1,1,0
1e04a2b6-49ff-426c-a291-cbd753af0335,9618,08:27:00,08:27:00,14,,0,0,7884.0,1,1,1
1e04a2b6-49ff-426c-a291-cbd753af0335,9626,08:28:00,08:28:00,15,,0,0,8152.0,1,1,0
1e04a2b6-49ff-426c-a291-cbd753af0335,9624,08:31:00,08:31:00,16,,0,0,9202.0,1,1,0
1e04a2b6-49ff-426c-a291-cbd753af0335,9620,08:34:00,08:34:00,17,,0,0,10397.0,1,1,0
1e04a2b6-49ff-426c-a291-cbd753af0335,9646,08:36:00,08:36:00,18,,0,0,11062.0,1,1,0
1e04a2b6-49ff-426c-a291-cbd753af0335,9655,08:39:00,08:39:00,19,,0,0,11967.0,1,1,1
1e04a2b6-49ff-426c-a291-cbd753af0335,9653,08:40:00,08:40:00,20,,0,0,12651.0,1,1,0
1e04a2b6-49ff-426c-a291-cbd753af0335,9656,08:41:00,08:41:00,21,,0,0,13226.0,1,1,0
1e04a2b6-49ff-426c-a291-cbd753af0335,9628,08:44:00,08:44:00,22,,0,0,13958.0,1,1,1
1e04a2b6-49ff-426c-a291-cbd753af0335,9630,08:45:00,08:45:00,23,,0,0,14604.0,1,1,0
1e04a2b6-49ff-426c-a291-cbd753af0335,9642,08:46:00,08:46:00,24,,0,0,15457.0,1,1,0
1e04a2b6-49ff-426c-a291-cbd753af0335,9632,08:46:30,08:46:30,25,,0,0,15752.0,1,1,0
1e04a2b6-49ff-426c-a291-cbd753af0335,9614,08:47:00,08:47:00,26,,0,0,16324.0,1,1,0
1e04a2b6-49ff-426c-a291-cbd753af0335,9637,08:50:00,08:50:00,27,,0,0,16872.0,1,1,1
1e04a2b6-49ff-426c-a291-cbd753af0335,9639,08:50:30,08:50:30,28,,0,0,17416.0,1,1,0
1e04a2b6-49ff-426c-a291-cbd753af0335,9635,08:51:00,08:51:00,29,,0,0,17764.0,1,1,0
1e04a2b6-49ff-426c-a291-cbd753af0335,9612,08:52:00,08:52:00,30,,0,0,18102.0,1,1,0
1e04a2b6-49ff-426c-a291-cbd753af0335,9605,08:53:00,08:53:00,31,,0,0,18405.0,1,1,0
1e04a2b6-49ff-426c-a291-cbd753af0335,9604,08:54:00,08:54:00,32,,0,0,18855.0,1,1,0
1e04a2b6-49ff-426c-a291-cbd753af0335,9601,08:56:00,08:56:00,33,,1,0,19355.0,1,1,0
97fb79b9-ed7a-4251-a0cb-14bd2a22fcef,9602,07:30:00,07:30:00,1,,0,0,0.0,1,1,1
97fb79b9-ed7a-4251-a0cb-14bd2a22fcef,9603,07:31:00,07:31:00,2,,0,0,782.0,1,1,0
97fb79b9-ed7a-4251-a0cb-14bd2a22fcef,9606,07:32:00,07:32:00,3,,0,0,1173.0,1,1,0
97fb79b9-ed7a-4251-a0cb-14bd2a22fcef,9641,07:36:00,07:36:00,4,,0,0,1910.0,1,1,1
97fb79b9-ed7a-4251-a0cb-14bd2a22fcef,9650,07:37:00,07:37:00,5,,0,0,2474.0,1,1,0
97fb79b9-ed7a-4251-a0cb-14bd2a22fcef,9649,07:39:00,07:39:00,6,,0,0,3174.0,1,1,0
97fb79b9-ed7a-4251-a0cb-14bd2a22fcef,9633,07:44:00,07:44:00,7,,0,0,3686.0,1,1,1
97fb79b9-ed7a-4251-a0cb-14bd2a22fcef,9610,07:46:00,07:46:00,8,,0,0,4539.0,1,1,0
97fb79b9-ed7a-4251-a0cb-14bd2a22fcef,9658,07:47:00,07:47:00,9,,0,0,4861.0,1,1,0
97fb79b9-ed7a-4251-a0cb-14bd2a22fcef,9608,07:49:00,07:49:00,10,,0,0,5100.0,1,1,1
97fb79b9-ed7a-4251-a0cb-14bd2a22fcef,9622,07:50:00,07:50:00,11,,0,0,5358.0,1,1,0
97fb79b9-ed7a-4251-a0cb-14bd2a22fcef,9617,07:53:00,07:53:00,12,,0,0,6529.0,1,1,0
97fb79b9-ed7a-4251-a0cb-14bd2a22fcef,9625,07:54:00,07:54:00,13,,0,0,7317.0,1,1,0
97fb79b9-ed7a-4251-a0cb-14bd2a22fcef,9618,07:57:00,07:57:00,14,,0,0,7884.0,1,1,1
97fb79b9-ed7a-4251-a0cb-14bd2a22fcef,9626,07:58:00,07:58:00,15,,0,0,8152.0,1,1,0
97fb79b9-ed7a-4251-a0cb-14bd2a22fcef,9624,08:00:00,08:00:00,16,,0,0,9202.0,1,1,0
97fb79b9-ed7a-4251-a0cb-14bd2a22fcef,9620,08:03:00,08:03:00,17,,0,0,10397.0,1,1,0
97fb79b9-ed7a-4251-a0cb-14bd2a22fcef,9646,08:04:00,08:04:00,18,,0,0,11062.0,1,1,0
97fb79b9-ed7a-4251-a0cb-14bd2a22fcef,9655,08:07:00,08:07:00,19,,0,0,11967.0,1,1,1
97fb79b9-ed7a-4251-a0cb-14bd2a22fcef,9653,08:08:00,08:08:00,20,,0,0,12651.0,1,1,0
97fb79b9-ed7a-4251-a0cb-14bd2a22fcef,9656,08:09:00,08:09:00,21,,0,0,13226.0,1,1,0
97fb79b9-ed7a-4251-a0cb-14bd2a22fcef,9628,08:13:00,08:13:00,22,,0,0,13958.0,1,1,1
97fb79b9-ed7a-4251-a0cb-14bd2a22fcef,9630,08:14:00,08:14:00,23,,0,0,14604.0,1,1,0
97fb79b9-ed7a-4251-a0cb-14bd2a22fcef,9642,08:15:00,08:15:00,24,,0,0,15457.0,1,1,0
97fb79b9-ed7a-4251-a0cb-14bd2a22fcef,9632,08:16:30,08:16:30,25,,0,0,15752.0,1,1,0
97fb79b9-ed7a-4251-a0cb-14bd2a22fcef,9614,08:17:00,08:17:00,26,,0,0,16324.0,1,1,0
97fb79b9-ed7a-4251-a0cb-14bd2a22fcef,9637,08:21:00,08:21:00,27,,0,0,16872.0,1,1,1
97fb79b9-ed7a-4251-a0cb-14bd2a22fcef,9639,08:21:30,08:21:30,28,,0,0,17416.0,1,1,0
97fb79b9-ed7a-4251-a0cb-14bd2a22fcef,9635,08:22:00,08:22:00,29,,0,0,17764.0,1,1,0
97fb79b9-ed7a-4251-a0cb-14bd2a22fcef,9612,08:25:00,08:25:00,30,,0,0,18102.0,1,1,0
97fb79b9-ed7a-4251-a0cb-14bd2a22fcef,9605,08:26:00,08:26:00,31,,0,0,18405.0,1,1,0
97fb79b9-ed7a-4251-a0cb-14bd2a22fcef,9604,08:27:00,08:27:00,32,,0,0,18855.0,1,1,0
97fb79b9-ed7a-4251-a0cb-14bd2a22fcef,9601,08:30:00,08:30:00,33,,1,0,19355.0,1,1,0
58f552ec-5b40-40f7-819a-1124538ae7f3,9602,07:00:00,07:00:00,1,,0,0,0.0,1,1,1
58f552ec-5b40-40f7-819a-1124538ae7f3,9603,07:01:00,07:01:00,2,,0,0,782.0,1,1,0
58f552ec-5b40-40f7-819a-1124538ae7f3,9606,07:02:00,07:02:00,3,,0,0,1173.0,1,1,0
58f552ec-5b40-40f7-819a-1124538ae7f3,9641,07:05:00,07:05:00,4,,0,0,1910.0,1,1,1
58f552ec-5b40-40f7-819a-1124538ae7f3,9650,07:06:00,07:06:00,5,,0,0,2474.0,1,1,0
58f552ec-5b40-40f7-819a-1124538ae7f3,9649,07:08:00,07:08:00,6,,0,0,3174.0,1,1,0
58f552ec-5b40-40f7-819a-1124538ae7f3,9633,07:13:00,07:13:00,7,,0,0,3686.0,1,1,1
58f552ec-5b40-40f7-819a-1124538ae7f3,9610,07:15:00,07:15:00,8,,0,0,4539.0,1,1,0
58f552ec-5b40-40f7-819a-1124538ae7f3,9658,07:16:00,07:16:00,9,,0,0,4861.0,1,1,0
58f552ec-5b40-40f7-819a-1124538ae7f3,9608,07:18:00,07:18:00,10,,0,0,5100.0,1,1,1
58f552ec-5b40-40f7-819a-1124538ae7f3,9622,07:19:00,07:19:00,11,,0,0,5358.0,1,1,0
58f552ec-5b40-40f7-819a-1124538ae7f3,9617,07:21:00,07:21:00,12,,0,0,6529.0,1,1,0
58f552ec-5b40-40f7-819a-1124538ae7f3,9625,07:22:00,07:22:00,13,,0,0,7317.0,1,1,0
58f552ec-5b40-40f7-819a-1124538ae7f3,9618,07:25:00,07:25:00,14,,0,0,7884.0,1,1,1
58f552ec-5b40-40f7-819a-1124538ae7f3,9626,07:26:00,07:26:00,15,,0,0,8152.0,1,1,0
58f552ec-5b40-40f7-819a-1124538ae7f3,9624,07:28:00,07:28:00,16,,0,0,9202.0,1,1,0
58f552ec-5b40-40f7-819a-1124538ae7f3,9620,07:30:00,07:30:00,17,,0,0,10397.0,1,1,0
58f552ec-5b40-40f7-819a-1124538ae7f3,9646,07:31:00,07:31:00,18,,0,0,11062.0,1,1,0
58f552ec-5b40-40f7-819a-1124538ae7f3,9655,07:34:00,07:34:00,19,,0,0,11967.0,1,1,1
58f552ec-5b40-40f7-819a-1124538ae7f3,9653,07:35:00,07:35:00,20,,0,0,12651.0,1,1,0
58f552ec-5b40-40f7-819a-1124538ae7f3,9656,07:36:00,07:36:00,21,,0,0,13226.0,1,1,0
58f552ec-5b40-40f7-819a-1124538ae7f3,9628,07:39:00,07:39:00,22,,0,0,13958.0,1,1,1
58f552ec-5b40-40f7-819a-1124538ae7f3,9630,07:40:00,07:40:00,23,,0,0,14604.0,1,1,0
58f552ec-5b40-40f7-819a-1124538ae7f3,9642,07:41:00,07:41:00,24,,0,0,15457.0,1,1,0
58f552ec-5b40-40f7-819a-1124538ae7f3,9632,07:41:30,07:41:30,25,,0,0,15752.0,1,1,0
58f552ec-5b40-40f7-819a-1124538ae7f3,9614,07:42:00,07:42:00,26,,0,0,16324.0,1,1,0
58f552ec-5b40-40f7-819a-1124538ae7f3,9637,07:46:00,07:46:00,27,,0,0,16872.0,1,1,1
58f552ec-5b40-40f7-819a-1124538ae7f3,9639,07:46:30,07:46:30,28,,0,0,17416.0,1,1,0
58f552ec-5b40-40f7-819a-1124538ae7f3,9635,07:47:00,07:47:00,29,,0,0,17764.0,1,1,0
58f552ec-5b40-40f7-819a-1124538ae7f3,9612,07:48:00,07:48:00,30,,0,0,18102.0,1,1,0
58f552ec-5b40-40f7-819a-1124538ae7f3,9605,07:49:00,07:49:00,31,,0,0,18405.0,1,1,0
58f552ec-5b40-40f7-819a-1124538ae7f3,9604,07:50:00,07:50:00,32,,0,0,18855.0,1,1,0
58f552ec-5b40-40f7-819a-1124538ae7f3,9601,07:54:00,07:54:00,33,,1,0,19355.0,1,1,0
e58423df-ca1e-4e49-9644-ae5a5f93fdad,9602,17:00:00,17:00:00,1,,0,0,0.0,1,1,1
e58423df-ca1e-4e49-9644-ae5a5f93fdad,9603,17:01:00,17:01:00,2,,0,0,783.0,1,1,0
e58423df-ca1e-4e49-9644-ae5a5f93fdad,9611,17:03:00,17:03:00,3,,0,0,1461.0,1,1,0
e58423df-ca1e-4e49-9644-ae5a5f93fdad,9634,17:04:01,17:04:01,4,,0,0,1782.0,1,1,0
e58423df-ca1e-4e49-9644-ae5a5f93fdad,9638,17:05:00,17:05:00,5,,0,0,2090.0,1,1,0
e58423df-ca1e-4e49-9644-ae5a5f93fdad,9636,17:07:00,17:07:00,6,,0,0,2721.0,1,1,1
e58423df-ca1e-4e49-9644-ae5a5f93fdad,9613,17:08:00,17:08:00,7,,0,0,3161.0,1,1,0
e58423df-ca1e-4e49-9644-ae5a5f93fdad,9631,17:09:00,17:09:00,8,,0,0,3819.0,1,1,0
e58423df-ca1e-4e49-9644-ae5a5f93fdad,9643,17:10:00,17:10:00,9,,0,0,4179.0,1,1,0
e58423df-ca1e-4e49-9644-ae5a5f93fdad,9645,17:13:00,17:13:00,10,,0,0,5924.0,1,1,0
e58423df-ca1e-4e49-9644-ae5a5f93fdad,9644,17:15:00,17:15:00,11,,0,0,6980.0,1,1,0
e58423df-ca1e-4e49-9644-ae5a5f93fdad,9629,17:16:00,17:16:00,12,,0,0,7776.0,1,1,0
e58423df-ca1e-4e49-9644-ae5a5f93fdad,9627,17:18:00,17:18:00,13,,0,0,8406.0,1,1,1
e58423df-ca1e-4e49-9644-ae5a5f93fdad,9657,17:19:00,17:19:00,14,,0,0,9051.0,1,1,0
e58423df-ca1e-4e49-9644-ae5a5f93fdad,9652,17:20:00,17:20:00,15,,0,0,9606.0,1,1,0
e58423df-ca1e-4e49-9644-ae5a5f93fdad,9654,17:22:00,17:22:00,16,,0,0,10293.0,1,1,1
e58423df-ca1e-4e49-9644-ae5a5f93fdad,9647,17:24:00,17:24:00,17,,0,0,11296.0,1,1,0
e58423df-ca1e-4e49-9644-ae5a5f93fdad,9619,17:25:00,17:25:00,18,,0,0,11836.0,1,1,0
e58423df-ca1e-4e49-9644-ae5a5f93fdad,9623,17:29:00,17:29:00,19,,0,0,13174.0,1,1,0
e58423df-ca1e-4e49-9644-ae5a5f93fdad,9625,17:30:00,17:30:00,20,,0,0,13779.0,1,1,0
e58423df-ca1e-4e49-9644-ae5a5f93fdad,9618,17:33:00,17:33:00,21,,0,0,14348.0,1,1,1
e58423df-ca1e-4e49-9644-ae5a5f93fdad,9626,17:34:00,17:34:00,22,,0,0,14612.0,1,1,0
e58423df-ca1e-4e49-9644-ae5a5f93fdad,9615,17:35:00,17:35:00,23,,0,0,15050.0,1,1,0
e58423df-ca1e-4e49-9644-ae5a5f93fdad,9616,17:36:00,17:36:00,24,,0,0,15837.0,1,1,0
e58423df-ca1e-4e49-9644-ae5a5f93fdad,9621,17:38:00,17:38:00,25,,0,0,16762.0,1,1,0
e58423df-ca1e-4e49-9644-ae5a5f93fdad,9607,17:39:00,17:39:00,26,,0,0,17140.0,1,1,1
e58423df-ca1e-4e49-9644-ae5a5f93fdad,9609,17:40:00,17:40:00,27,,0,0,17736.0,1,1,0
e58423df-ca1e-4e49-9644-ae5a5f93fdad,9633,17:46:00,17:46:00,28,,0,0,18521.0,1,1,1
e58423df-ca1e-4e49-9644-ae5a5f93fdad,9648,17:48:00,17:48:00,29,,0,0,19081.0,1,1,0
e58423df-ca1e-4e49-9644-ae5a5f93fdad,9651,17:49:00,17:49:00,30,,0,0,19307.0,1,1,0
e58423df-ca1e-4e49-9644-ae5a5f93fdad,9640,17:52:00,17:52:00,31,,0,0,20243.0,1,1,1
e58423df-ca1e-4e49-9644-ae5a5f93fdad,9605,17:54:00,17:54:00,32,,0,0,21110.0,1,1,0
e58423df-ca1e-4e49-9644-ae5a5f93fdad,9604,17:55:00,17:55:00,33,,0,0,21559.0,1,1,0
e58423df-ca1e-4e49-9644-ae5a5f93fdad,9601,17:58:00,17:58:00,34,,1,0,22055.0,1,1,0
b3c08d5b-0ffb-4f01-9198-488d7568eddf,9602,15:50:00,15:50:00,1,,0,0,0.0,1,1,1
b3c08d5b-0ffb-4f01-9198-488d7568eddf,9603,15:51:00,15:51:00,2,,0,0,783.0,1,1,0
b3c08d5b-0ffb-4f01-9198-488d7568eddf,9611,15:53:00,15:53:00,3,,0,0,1461.0,1,1,0
b3c08d5b-0ffb-4f01-9198-488d7568eddf,9634,15:54:01,15:54:01,4,,0,0,1782.0,1,1,0
b3c08d5b-0ffb-4f01-9198-488d7568eddf,9638,15:55:00,15:55:00,5,,0,0,2090.0,1,1,0
b3c08d5b-0ffb-4f01-9198-488d7568eddf,9636,15:57:00,15:57:00,6,,0,0,2721.0,1,1,1
b3c08d5b-0ffb-4f01-9198-488d7568eddf,9613,15:58:00,15:58:00,7,,0,0,3161.0,1,1,0
b3c08d5b-0ffb-4f01-9198-488d7568eddf,9631,15:59:00,15:59:00,8,,0,0,3819.0,1,1,0
b3c08d5b-0ffb-4f01-9198-488d7568eddf,9643,16:00:00,16:00:00,9,,0,0,4179.0,1,1,0
b3c08d5b-0ffb-4f01-9198-488d7568eddf,9645,16:03:00,16:03:00,10,,0,0,5924.0,1,1,0
b3c08d5b-0ffb-4f01-9198-488d7568eddf,9644,16:05:00,16:05:00,11,,0,0,6980.0,1,1,0
b3c08d5b-0ffb-4f01-9198-488d7568eddf,9629,16:06:00,16:06:00,12,,0,0,7776.0,1,1,0
b3c08d5b-0ffb-4f01-9198-488d7568eddf,9627,16:08:00,16:08:00,13,,0,0,8406.0,1,1,1
b3c08d5b-0ffb-4f01-9198-488d7568eddf,9657,16:09:00,16:09:00,14,,0,0,9051.0,1,1,0
b3c08d5b-0ffb-4f01-9198-488d7568eddf,9652,16:10:00,16:10:00,15,,0,0,9606.0,1,1,0
b3c08d5b-0ffb-4f01-9198-488d7568eddf,9654,16:12:00,16:12:00,16,,0,0,10293.0,1,1,1
b3c08d5b-0ffb-4f01-9198-488d7568eddf,9647,16:14:00,16:14:00,17,,0,0,11296.0,1,1,0
b3c08d5b-0ffb-4f01-9198-488d7568eddf,9619,16:15:00,16:15:00,18,,0,0,11836.0,1,1,0
b3c08d5b-0ffb-4f01-9198-488d7568eddf,9623,16:19:00,16:19:00,19,,0,0,13174.0,1,1,0
b3c08d5b-0ffb-4f01-9198-488d7568eddf,9625,16:20:00,16:20:00,20,,0,0,13779.0,1,1,0
b3c08d5b-0ffb-4f01-9198-488d7568eddf,9618,16:23:00,16:23:00,21,,0,0,14348.0,1,1,1
b3c08d5b-0ffb-4f01-9198-488d7568eddf,9626,16:24:00,16:24:00,22,,0,0,14612.0,1,1,0
b3c08d5b-0ffb-4f01-9198-488d7568eddf,9615,16:25:00,16:25:00,23,,0,0,15050.0,1,1,0
b3c08d5b-0ffb-4f01-9198-488d7568eddf,9616,16:26:00,16:26:00,24,,0,0,15837.0,1,1,0
b3c08d5b-0ffb-4f01-9198-488d7568eddf,9621,16:28:00,16:28:00,25,,0,0,16762.0,1,1,0
b3c08d5b-0ffb-4f01-9198-488d7568eddf,9607,16:29:00,16:29:00,26,,0,0,17140.0,1,1,1
b3c08d5b-0ffb-4f01-9198-488d7568eddf,9609,16:30:00,16:30:00,27,,0,0,17736.0,1,1,0
b3c08d5b-0ffb-4f01-9198-488d7568eddf,9633,16:36:00,16:36:00,28,,0,0,18521.0,1,1,1
b3c08d5b-0ffb-4f01-9198-488d7568eddf,9648,16:38:00,16:38:00,29,,0,0,19081.0,1,1,0
b3c08d5b-0ffb-4f01-9198-488d7568eddf,9651,16:39:00,16:39:00,30,,0,0,19307.0,1,1,0
b3c08d5b-0ffb-4f01-9198-488d7568eddf,9640,16:42:00,16:42:00,31,,0,0,20243.0,1,1,1
b3c08d5b-0ffb-4f01-9198-488d7568eddf,9605,16:43:00,16:43:00,32,,0,0,21110.0,1,1,0
b3c08d5b-0ffb-4f01-9198-488d7568eddf,9604,16:44:00,16:44:00,33,,0,0,21559.0,1,1,0
b3c08d5b-0ffb-4f01-9198-488d7568eddf,9601,16:47:00,16:47:00,34,,1,0,22055.0,1,1,0
bf8d5253-50a6-4956-9988-4911ca862ef5,9602,14:40:00,14:40:00,1,,0,0,0.0,1,1,1
bf8d5253-50a6-4956-9988-4911ca862ef5,9603,14:41:00,14:41:00,2,,0,0,783.0,1,1,0
bf8d5253-50a6-4956-9988-4911ca862ef5,9611,14:43:00,14:43:00,3,,0,0,1461.0,1,1,0
bf8d5253-50a6-4956-9988-4911ca862ef5,9634,14:44:01,14:44:01,4,,0,0,1782.0,1,1,0
bf8d5253-50a6-4956-9988-4911ca862ef5,9638,14:45:00,14:45:00,5,,0,0,2090.0,1,1,0
bf8d5253-50a6-4956-9988-4911ca862ef5,9636,14:47:00,14:47:00,6,,0,0,2721.0,1,1,1
bf8d5253-50a6-4956-9988-4911ca862ef5,9613,14:48:00,14:48:00,7,,0,0,3161.0,1,1,0
bf8d5253-50a6-4956-9988-4911ca862ef5,9631,14:49:00,14:49:00,8,,0,0,3819.0,1,1,0
bf8d5253-50a6-4956-9988-4911ca862ef5,9643,14:50:00,14:50:00,9,,0,0,4179.0,1,1,0
bf8d5253-50a6-4956-9988-4911ca862ef5,9645,14:53:00,14:53:00,10,,0,0,5924.0,1,1,0
bf8d5253-50a6-4956-9988-4911ca862ef5,9644,14:55:00,14:55:00,11,,0,0,6980.0,1,1,0
bf8d5253-50a6-4956-9988-4911ca862ef5,9629,14:56:00,14:56:00,12,,0,0,7776.0,1,1,0
bf8d5253-50a6-4956-9988-4911ca862ef5,9627,14:59:00,14:59:00,13,,0,0,8406.0,1,1,1
bf8d5253-50a6-4956-9988-4911ca862ef5,9657,15:00:00,15:00:00,14,,0,0,9051.0,1,1,0
bf8d5253-50a6-4956-9988-4911ca862ef5,9652,15:01:00,15:01:00,15,,0,0,9606.0,1,1,0
bf8d5253-50a6-4956-9988-4911ca862ef5,9654,15:03:00,15:03:00,16,,0,0,10293.0,1,1,1
bf8d5253-50a6-4956-9988-4911ca862ef5,9647,15:05:00,15:05:00,17,,0,0,11296.0,1,1,0
bf8d5253-50a6-4956-9988-4911ca862ef5,9619,15:06:00,15:06:00,18,,0,0,11836.0,1,1,0
bf8d5253-50a6-4956-9988-4911ca862ef5,9623,15:10:00,15:10:00,19,,0,0,13174.0,1,1,0
bf8d5253-50a6-4956-9988-4911ca862ef5,9625,15:11:00,15:11:00,20,,0,0,13779.0,1,1,0
bf8d5253-50a6-4956-9988-4911ca862ef5,9618,15:14:00,15:14:00,21,,0,0,14348.0,1,1,1
bf8d5253-50a6-4956-9988-4911ca862ef5,9626,15:15:00,15:15:00,22,,0,0,14612.0,1,1,0
bf8d5253-50a6-4956-9988-4911ca862ef5,9615,15:16:00,15:16:00,23,,0,0,15050.0,1,1,0
bf8d5253-50a6-4956-9988-4911ca862ef5,9616,15:17:00,15:17:00,24,,0,0,15837.0,1,1,0
bf8d5253-50a6-4956-9988-4911ca862ef5,9621,15:19:00,15:19:00,25,,0,0,16762.0,1,1,0
bf8d5253-50a6-4956-9988-4911ca862ef5,9607,15:20:00,15:20:00,26,,0,0,17140.0,1,1,1
bf8d5253-50a6-4956-9988-4911ca862ef5,9609,15:21:00,15:21:00,27,,0,0,17736.0,1,1,0
bf8d5253-50a6-4956-9988-4911ca862ef5,9633,15:27:00,15:27:00,28,,0,0,18521.0,1,1,1
bf8d5253-50a6-4956-9988-4911ca862ef5,9648,15:29:00,15:29:00,29,,0,0,19081.0,1,1,0
bf8d5253-50a6-4956-9988-4911ca862ef5,9651,15:30:00,15:30:00,30,,0,0,19307.0,1,1,0
bf8d5253-50a6-4956-9988-4911ca862ef5,9640,15:33:00,15:33:00,31,,0,0,20243.0,1,1,1
bf8d5253-50a6-4956-9988-4911ca862ef5,9605,15:34:00,15:34:00,32,,0,0,21110.0,1,1,0
bf8d5253-50a6-4956-9988-4911ca862ef5,9604,15:35:00,15:35:00,33,,0,0,21559.0,1,1,0
bf8d5253-50a6-4956-9988-4911ca862ef5,9601,15:38:00,15:38:00,34,,1,0,22055.0,1,1,0
1579697d-1025-429f-8eeb-7a066367111e,9602,13:30:00,13:30:00,1,,0,0,0.0,1,1,1
1579697d-1025-429f-8eeb-7a066367111e,9603,13:31:00,13:31:00,2,,0,0,783.0,1,1,0
1579697d-1025-429f-8eeb-7a066367111e,9611,13:33:00,13:33:00,3,,0,0,1461.0,1,1,0
1579697d-1025-429f-8eeb-7a066367111e,9634,13:34:01,13:34:01,4,,0,0,1782.0,1,1,0
1579697d-1025-429f-8eeb-7a066367111e,9638,13:35:00,13:35:00,5,,0,0,2090.0,1,1,0
1579697d-1025-429f-8eeb-7a066367111e,9636,13:37:00,13:37:00,6,,0,0,2721.0,1,1,1
1579697d-1025-429f-8eeb-7a066367111e,9613,13:38:00,13:38:00,7,,0,0,3161.0,1,1,0
1579697d-1025-429f-8eeb-7a066367111e,9631,13:39:00,13:39:00,8,,0,0,3819.0,1,1,0
1579697d-1025-429f-8eeb-7a066367111e,9643,13:40:00,13:40:00,9,,0,0,4179.0,1,1,0
1579697d-1025-429f-8eeb-7a066367111e,9645,13:43:00,13:43:00,10,,0,0,5924.0,1,1,0
1579697d-1025-429f-8eeb-7a066367111e,9644,13:46:00,13:46:00,11,,0,0,6980.0,1,1,0
1579697d-1025-429f-8eeb-7a066367111e,9629,13:47:00,13:47:00,12,,0,0,7776.0,1,1,0
1579697d-1025-429f-8eeb-7a066367111e,9627,13:48:00,13:48:00,13,,0,0,8406.0,1,1,1
1579697d-1025-429f-8eeb-7a066367111e,9657,13:49:00,13:49:00,14,,0,0,9051.0,1,1,0
1579697d-1025-429f-8eeb-7a066367111e,9652,13:50:00,13:50:00,15,,0,0,9606.0,1,1,0
1579697d-1025-429f-8eeb-7a066367111e,9654,13:52:00,13:52:00,16,,0,0,10293.0,1,1,1
1579697d-1025-429f-8eeb-7a066367111e,9647,13:54:00,13:54:00,17,,0,0,11296.0,1,1,0
1579697d-1025-429f-8eeb-7a066367111e,9619,13:55:00,13:55:00,18,,0,0,11836.0,1,1,0
1579697d-1025-429f-8eeb-7a066367111e,9623,13:59:00,13:59:00,19,,0,0,13174.0,1,1,0
1579697d-1025-429f-8eeb-7a066367111e,9625,14:00:00,14:00:00,20,,0,0,13779.0,1,1,0
1579697d-1025-429f-8eeb-7a066367111e,9618,14:03:00,14:03:00,21,,0,0,14348.0,1,1,1
1579697d-1025-429f-8eeb-7a066367111e,9626,14:04:00,14:04:00,22,,0,0,14612.0,1,1,0
1579697d-1025-429f-8eeb-7a066367111e,9615,14:05:00,14:05:00,23,,0,0,15050.0,1,1,0
1579697d-1025-429f-8eeb-7a066367111e,9616,14:06:00,14:06:00,24,,0,0,15837.0,1,1,0
1579697d-1025-429f-8eeb-7a066367111e,9621,14:07:00,14:07:00,25,,0,0,16762.0,1,1,0
1579697d-1025-429f-8eeb-7a066367111e,9607,14:08:00,14:08:00,26,,0,0,17140.0,1,1,1
1579697d-1025-429f-8eeb-7a066367111e,9609,14:09:00,14:09:00,27,,0,0,17736.0,1,1,0
1579697d-1025-429f-8eeb-7a066367111e,9633,14:15:00,14:15:00,28,,0,0,18521.0,1,1,1
1579697d-1025-429f-8eeb-7a066367111e,9648,14:17:00,14:17:00,29,,0,0,19081.0,1,1,0
1579697d-1025-429f-8eeb-7a066367111e,9651,14:18:00,14:18:00,30,,0,0,19307.0,1,1,0
1579697d-1025-429f-8eeb-7a066367111e,9640,14:21:00,14:21:00,31,,0,0,20243.0,1,1,1
1579697d-1025-429f-8eeb-7a066367111e,9605,14:23:00,14:23:00,32,,0,0,21110.0,1,1,0
1579697d-1025-429f-8eeb-7a066367111e,9604,14:24:00,14:24:00,33,,0,0,21559.0,1,1,0
1579697d-1025-429f-8eeb-7a066367111e,9601,14:27:00,14:27:00,34,,1,0,22055.0,1,1,0
fcbb3ca2-13ca-4c83-ad45-2402b3598630,9602,12:20:00,12:20:00,1,,0,0,0.0,1,1,1
fcbb3ca2-13ca-4c83-ad45-2402b3598630,9603,12:21:00,12:21:00,2,,0,0,783.0,1,1,0
fcbb3ca2-13ca-4c83-ad45-2402b3598630,9611,12:23:00,12:23:00,3,,0,0,1461.0,1,1,0
fcbb3ca2-13ca-4c83-ad45-2402b3598630,9634,12:25:00,12:25:00,4,,0,0,1782.0,1,1,0
fcbb3ca2-13ca-4c83-ad45-2402b3598630,9638,12:26:00,12:26:00,5,,0,0,2090.0,1,1,0
fcbb3ca2-13ca-4c83-ad45-2402b3598630,9636,12:28:00,12:28:00,6,,0,0,2721.0,1,1,1
fcbb3ca2-13ca-4c83-ad45-2402b3598630,9613,12:29:00,12:29:00,7,,0,0,3161.0,1,1,0
fcbb3ca2-13ca-4c83-ad45-2402b3598630,9631,12:30:00,12:30:00,8,,0,0,3819.0,1,1,0
fcbb3ca2-13ca-4c83-ad45-2402b3598630,9643,12:31:00,12:31:00,9,,0,0,4179.0,1,1,0
fcbb3ca2-13ca-4c83-ad45-2402b3598630,9645,12:34:00,12:34:00,10,,0,0,5924.0,1,1,0
fcbb3ca2-13ca-4c83-ad45-2402b3598630,9644,12:37:00,12:37:00,11,,0,0,6980.0,1,1,0
fcbb3ca2-13ca-4c83-ad45-2402b3598630,9629,12:38:00,12:38:00,12,,0,0,7776.0,1,1,0
fcbb3ca2-13ca-4c83-ad45-2402b3598630,9627,12:40:00,12:40:00,13,,0,0,8406.0,1,1,1
fcbb3ca2-13ca-4c83-ad45-2402b3598630,9657,12:41:00,12:41:00,14,,0,0,9051.0,1,1,0
fcbb3ca2-13ca-4c83-ad45-2402b3598630,9652,12:42:00,12:42:00,15,,0,0,9606.0,1,1,0
fcbb3ca2-13ca-4c83-ad45-2402b3598630,9654,12:44:00,12:44:00,16,,0,0,10293.0,1,1,1
fcbb3ca2-13ca-4c83-ad45-2402b3598630,9647,12:46:00,12:46:00,17,,0,0,11296.0,1,1,0
fcbb3ca2-13ca-4c83-ad45-2402b3598630,9619,12:47:00,12:47:00,18,,0,0,11836.0,1,1,0
fcbb3ca2-13ca-4c83-ad45-2402b3598630,9623,12:51:00,12:51:00,19,,0,0,13174.0,1,1,0
fcbb3ca2-13ca-4c83-ad45-2402b3598630,9625,12:52:00,12:52:00,20,,0,0,13779.0,1,1,0
fcbb3ca2-13ca-4c83-ad45-2402b3598630,9618,12:55:00,12:55:00,21,,0,0,14348.0,1,1,1
fcbb3ca2-13ca-4c83-ad45-2402b3598630,9626,12:56:00,12:56:00,22,,0,0,14612.0,1,1,0
fcbb3ca2-13ca-4c83-ad45-2402b3598630,9615,12:57:00,12:57:00,23,,0,0,15050.0,1,1,0
fcbb3ca2-13ca-4c83-ad45-2402b3598630,9616,12:58:00,12:58:00,24,,0,0,15837.0,1,1,0
fcbb3ca2-13ca-4c83-ad45-2402b3598630,9621,13:00:00,13:00:00,25,,0,0,16762.0,1,1,0
fcbb3ca2-13ca-4c83-ad45-2402b3598630,9607,13:01:00,13:01:00,26,,0,0,17140.0,1,1,1
fcbb3ca2-13ca-4c83-ad45-2402b3598630,9609,13:02:00,13:02:00,27,,0,0,17736.0,1,1,0
fcbb3ca2-13ca-4c83-ad45-2402b3598630,9633,13:08:00,13:08:00,28,,0,0,18521.0,1,1,1
fcbb3ca2-13ca-4c83-ad45-2402b3598630,9648,13:10:00,13:10:00,29,,0,0,19081.0,1,1,0
fcbb3ca2-13ca-4c83-ad45-2402b3598630,9651,13:11:00,13:11:00,30,,0,0,19307.0,1,1,0
fcbb3ca2-13ca-4c83-ad45-2402b3598630,9640,13:14:00,13:14:00,31,,0,0,20243.0,1,1,1
fcbb3ca2-13ca-4c83-ad45-2402b3598630,9605,13:15:00,13:15:00,32,,0,0,21110.0,1,1,0
fcbb3ca2-13ca-4c83-ad45-2402b3598630,9604,13:16:00,13:16:00,33,,0,0,21559.0,1,1,0
fcbb3ca2-13ca-4c83-ad45-2402b3598630,9601,13:19:00,13:19:00,34,,1,0,22055.0,1,1,0
e72775ff-fa27-4311-b943-bfebe2be4ea8,9602,11:10:00,11:10:00,1,,0,0,0.0,1,1,1
e72775ff-fa27-4311-b943-bfebe2be4ea8,9603,11:11:00,11:11:00,2,,0,0,783.0,1,1,0
e72775ff-fa27-4311-b943-bfebe2be4ea8,9611,11:13:00,11:13:00,3,,0,0,1461.0,1,1,0
e72775ff-fa27-4311-b943-bfebe2be4ea8,9634,11:14:01,11:14:01,4,,0,0,1782.0,1,1,0
e72775ff-fa27-4311-b943-bfebe2be4ea8,9638,11:15:00,11:15:00,5,,0,0,2090.0,1,1,0
e72775ff-fa27-4311-b943-bfebe2be4ea8,9636,11:17:00,11:17:00,6,,0,0,2721.0,1,1,1
e72775ff-fa27-4311-b943-bfebe2be4ea8,9613,11:18:00,11:18:00,7,,0,0,3161.0,1,1,0
e72775ff-fa27-4311-b943-bfebe2be4ea8,9631,11:19:00,11:19:00,8,,0,0,3819.0,1,1,0
e72775ff-fa27-4311-b943-bfebe2be4ea8,9643,11:20:00,11:20:00,9,,0,0,4179.0,1,1,0
e72775ff-fa27-4311-b943-bfebe2be4ea8,9645,11:23:00,11:23:00,10,,0,0,5924.0,1,1,0
e72775ff-fa27-4311-b943-bfebe2be4ea8,9644,11:25:00,11:25:00,11,,0,0,6980.0,1,1,0
e72775ff-fa27-4311-b943-bfebe2be4ea8,9629,11:26:00,11:26:00,12,,0,0,7776.0,1,1,0
e72775ff-fa27-4311-b943-bfebe2be4ea8,9627,11:28:00,11:28:00,13,,0,0,8406.0,1,1,1
e72775ff-fa27-4311-b943-bfebe2be4ea8,9657,11:29:00,11:29:00,14,,0,0,9051.0,1,1,0
e72775ff-fa27-4311-b943-bfebe2be4ea8,9652,11:30:00,11:30:00,15,,0,0,9606.0,1,1,0
e72775ff-fa27-4311-b943-bfebe2be4ea8,9654,11:32:00,11:32:00,16,,0,0,10293.0,1,1,1
e72775ff-fa27-4311-b943-bfebe2be4ea8,9647,11:34:00,11:34:00,17,,0,0,11296.0,1,1,0
e72775ff-fa27-4311-b943-bfebe2be4ea8,9619,11:35:00,11:35:00,18,,0,0,11836.0,1,1,0
e72775ff-fa27-4311-b943-bfebe2be4ea8,9623,11:38:00,11:38:00,19,,0,0,13174.0,1,1,0
e72775ff-fa27-4311-b943-bfebe2be4ea8,9625,11:39:00,11:39:00,20,,0,0,13779.0,1,1,0
e72775ff-fa27-4311-b943-bfebe2be4ea8,9618,11:42:00,11:42:00,21,,0,0,14348.0,1,1,1
e72775ff-fa27-4311-b943-bfebe2be4ea8,9626,11:43:00,11:43:00,22,,0,0,14612.0,1,1,0
e72775ff-fa27-4311-b943-bfebe2be4ea8,9615,11:44:00,11:44:00,23,,0,0,15050.0,1,1,0
e72775ff-fa27-4311-b943-bfebe2be4ea8,9616,11:45:00,11:45:00,24,,0,0,15837.0,1,1,0
e72775ff-fa27-4311-b943-bfebe2be4ea8,9621,11:46:00,11:46:00,25,,0,0,16762.0,1,1,0
e72775ff-fa27-4311-b943-bfebe2be4ea8,9607,11:47:00,11:47:00,26,,0,0,17140.0,1,1,1
e72775ff-fa27-4311-b943-bfebe2be4ea8,9609,11:48:00,11:48:00,27,,0,0,17736.0,1,1,0
e72775ff-fa27-4311-b943-bfebe2be4ea8,9633,11:54:00,11:54:00,28,,0,0,18521.0,1,1,1
e72775ff-fa27-4311-b943-bfebe2be4ea8,9648,11:56:00,11:56:00,29,,0,0,19081.0,1,1,0
e72775ff-fa27-4311-b943-bfebe2be4ea8,9651,11:57:00,11:57:00,30,,0,0,19307.0,1,1,0
e72775ff-fa27-4311-b943-bfebe2be4ea8,9640,12:00:00,12:00:00,31,,0,0,20243.0,1,1,1
e72775ff-fa27-4311-b943-bfebe2be4ea8,9605,12:01:00,12:01:00,32,,0,0,21110.0,1,1,0
e72775ff-fa27-4311-b943-bfebe2be4ea8,9604,12:02:00,12:02:00,33,,0,0,21559.0,1,1,0
e72775ff-fa27-4311-b943-bfebe2be4ea8,9601,12:05:00,12:05:00,34,,1,0,22055.0,1,1,0
c551c332-caea-4d42-baaa-6c2e33d7f73c,9602,10:00:00,10:00:00,1,,0,0,0.0,1,1,1
c551c332-caea-4d42-baaa-6c2e33d7f73c,9603,10:01:00,10:01:00,2,,0,0,783.0,1,1,0
c551c332-caea-4d42-baaa-6c2e33d7f73c,9611,10:03:00,10:03:00,3,,0,0,1461.0,1,1,0
c551c332-caea-4d42-baaa-6c2e33d7f73c,9634,10:04:00,10:04:00,4,,0,0,1782.0,1,1,0
c551c332-caea-4d42-baaa-6c2e33d7f73c,9638,10:05:00,10:05:00,5,,0,0,2090.0,1,1,0
c551c332-caea-4d42-baaa-6c2e33d7f73c,9636,10:07:00,10:07:00,6,,0,0,2721.0,1,1,1
c551c332-caea-4d42-baaa-6c2e33d7f73c,9613,10:08:00,10:08:00,7,,0,0,3161.0,1,1,0
c551c332-caea-4d42-baaa-6c2e33d7f73c,9631,10:09:00,10:09:00,8,,0,0,3819.0,1,1,0
c551c332-caea-4d42-baaa-6c2e33d7f73c,9643,10:10:00,10:10:00,9,,0,0,4179.0,1,1,0
c551c332-caea-4d42-baaa-6c2e33d7f73c,9645,10:13:00,10:13:00,10,,0,0,5924.0,1,1,0
c551c332-caea-4d42-baaa-6c2e33d7f73c,9644,10:15:00,10:15:00,11,,0,0,6980.0,1,1,0
c551c332-caea-4d42-baaa-6c2e33d7f73c,9629,10:16:00,10:16:00,12,,0,0,7776.0,1,1,0
c551c332-caea-4d42-baaa-6c2e33d7f73c,9627,10:18:00,10:18:00,13,,0,0,8406.0,1,1,1
c551c332-caea-4d42-baaa-6c2e33d7f73c,9657,10:19:00,10:19:00,14,,0,0,9051.0,1,1,0
c551c332-caea-4d42-baaa-6c2e33d7f73c,9652,10:20:00,10:20:00,15,,0,0,9606.0,1,1,0
c551c332-caea-4d42-baaa-6c2e33d7f73c,9654,10:22:00,10:22:00,16,,0,0,10293.0,1,1,1
c551c332-caea-4d42-baaa-6c2e33d7f73c,9647,10:24:00,10:24:00,17,,0,0,11296.0,1,1,0
c551c332-caea-4d42-baaa-6c2e33d7f73c,9619,10:25:00,10:25:00,18,,0,0,11836.0,1,1,0
c551c332-caea-4d42-baaa-6c2e33d7f73c,9623,10:28:00,10:28:00,19,,0,0,13174.0,1,1,0
c551c332-caea-4d42-baaa-6c2e33d7f73c,9625,10:29:00,10:29:00,20,,0,0,13779.0,1,1,0
c551c332-caea-4d42-baaa-6c2e33d7f73c,9618,10:32:00,10:32:00,21,,0,0,14348.0,1,1,1
c551c332-caea-4d42-baaa-6c2e33d7f73c,9626,10:33:00,10:33:00,22,,0,0,14612.0,1,1,0
c551c332-caea-4d42-baaa-6c2e33d7f73c,9615,10:34:00,10:34:00,23,,0,0,15050.0,1,1,0
c551c332-caea-4d42-baaa-6c2e33d7f73c,9616,10:35:00,10:35:00,24,,0,0,15837.0,1,1,0
c551c332-caea-4d42-baaa-6c2e33d7f73c,9621,10:36:00,10:36:00,25,,0,0,16762.0,1,1,0
c551c332-caea-4d42-baaa-6c2e33d7f73c,9607,10:37:00,10:37:00,26,,0,0,17140.0,1,1,1
c551c332-caea-4d42-baaa-6c2e33d7f73c,9609,10:39:00,10:39:00,27,,0,0,17736.0,1,1,0
c551c332-caea-4d42-baaa-6c2e33d7f73c,9633,10:45:00,10:45:00,28,,0,0,18521.0,1,1,1
c551c332-caea-4d42-baaa-6c2e33d7f73c,9648,10:47:00,10:47:00,29,,0,0,19081.0,1,1,0
c551c332-caea-4d42-baaa-6c2e33d7f73c,9651,10:48:00,10:48:00,30,,0,0,19307.0,1,1,0
c551c332-caea-4d42-baaa-6c2e33d7f73c,9640,10:51:00,10:51:00,31,,0,0,20243.0,1,1,1
c551c332-caea-4d42-baaa-6c2e33d7f73c,9605,10:52:00,10:52:00,32,,0,0,21110.0,1,1,0
c551c332-caea-4d42-baaa-6c2e33d7f73c,9604,10:53:00,10:53:00,33,,0,0,21559.0,1,1,0
c551c332-caea-4d42-baaa-6c2e33d7f73c,9601,10:56:00,10:56:00,34,,1,0,22055.0,1,1,0
37a54902-714c-4f74-aed6-484165cdc637,9602,17:55:00,17:55:00,1,,0,0,0.0,1,1,1
37a54902-714c-4f74-aed6-484165cdc637,9603,17:56:00,17:56:00,2,,0,0,782.0,1,1,0
37a54902-714c-4f74-aed6-484165cdc637,9611,17:59:00,17:59:00,3,,0,0,1458.0,1,1,0
37a54902-714c-4f74-aed6-484165cdc637,9634,18:00:00,18:00:00,4,,0,0,1778.0,1,1,0
37a54902-714c-4f74-aed6-484165cdc637,9638,18:01:00,18:01:00,5,,0,0,2089.0,1,1,0
37a54902-714c-4f74-aed6-484165cdc637,9636,18:05:00,18:05:00,6,,0,0,2719.0,1,1,1
37a54902-714c-4f74-aed6-484165cdc637,9613,18:06:00,18:06:00,7,,0,0,3159.0,1,1,0
37a54902-714c-4f74-aed6-484165cdc637,9631,18:07:00,18:07:00,8,,0,0,3817.0,1,1,0
37a54902-714c-4f74-aed6-484165cdc637,9644,18:08:00,18:08:00,9,,0,0,4156.0,1,1,0
37a54902-714c-4f74-aed6-484165cdc637,9629,18:09:00,18:09:00,10,,0,0,4952.0,1,1,0
37a54902-714c-4f74-aed6-484165cdc637,9627,18:12:00,18:12:00,11,,0,0,5583.0,1,1,1
37a54902-714c-4f74-aed6-484165cdc637,9657,18:13:00,18:13:00,12,,0,0,6228.0,1,1,0
37a54902-714c-4f74-aed6-484165cdc637,9652,18:14:00,18:14:00,13,,0,0,6782.0,1,1,0
37a54902-714c-4f74-aed6-484165cdc637,9654,18:16:00,18:16:00,14,,0,0,7471.0,1,1,1
37a54902-714c-4f74-aed6-484165cdc637,9647,18:18:00,18:18:00,15,,0,0,8476.0,1,1,0
37a54902-714c-4f74-aed6-484165cdc637,9619,18:19:00,18:19:00,16,,0,0,9016.0,1,1,0
37a54902-714c-4f74-aed6-484165cdc637,9623,18:22:00,18:22:00,17,,0,0,10355.0,1,1,0
37a54902-714c-4f74-aed6-484165cdc637,9625,18:23:00,18:23:00,18,,0,0,10960.0,1,1,0
37a54902-714c-4f74-aed6-484165cdc637,9618,18:26:00,18:26:00,19,,0,0,11527.0,1,1,1
37a54902-714c-4f74-aed6-484165cdc637,9626,18:27:00,18:27:00,20,,0,0,11795.0,1,1,0
37a54902-714c-4f74-aed6-484165cdc637,9615,18:29:00,18:29:00,21,,0,0,12233.0,1,1,0
37a54902-714c-4f74-aed6-484165cdc637,9616,18:30:00,18:30:00,22,,0,0,13018.0,1,1,0
37a54902-714c-4f74-aed6-484165cdc637,9621,18:31:00,18:31:00,23,,0,0,13943.0,1,1,0
37a54902-714c-4f74-aed6-484165cdc637,9607,18:32:00,18:32:00,24,,0,0,14322.0,1,1,1
37a54902-714c-4f74-aed6-484165cdc637,9609,18:33:00,18:33:00,25,,0,0,14916.0,1,1,0
37a54902-714c-4f74-aed6-484165cdc637,9633,18:38:00,18:38:00,26,,0,0,15702.0,1,1,1
37a54902-714c-4f74-aed6-484165cdc637,9648,18:41:00,18:41:00,27,,0,0,16261.0,1,1,0
37a54902-714c-4f74-aed6-484165cdc637,9651,18:42:00,18:42:00,28,,0,0,16487.0,1,1,0
37a54902-714c-4f74-aed6-484165cdc637,9640,18:45:00,18:45:00,29,,0,0,17423.0,1,1,1
37a54902-714c-4f74-aed6-484165cdc637,9605,18:46:00,18:46:00,30,,0,0,18290.0,1,1,0
37a54902-714c-4f74-aed6-484165cdc637,9604,18:47:00,18:47:00,31,,0,0,18740.0,1,1,0
37a54902-714c-4f74-aed6-484165cdc637,9601,18:48:00,18:48:00,32,,1,0,19240.0,1,1,0
a5520afa-cce4-459d-b21e-5533f78a4fdf,9602,17:20:00,17:20:00,1,,0,0,0.0,1,1,1
a5520afa-cce4-459d-b21e-5533f78a4fdf,9603,17:21:00,17:21:00,2,,0,0,782.0,1,1,0
a5520afa-cce4-459d-b21e-5533f78a4fdf,9611,17:25:00,17:25:00,3,,0,0,1458.0,1,1,0
a5520afa-cce4-459d-b21e-5533f78a4fdf,9634,17:27:00,17:27:00,4,,0,0,1778.0,1,1,0
a5520afa-cce4-459d-b21e-5533f78a4fdf,9638,17:28:00,17:28:00,5,,0,0,2089.0,1,1,0
a5520afa-cce4-459d-b21e-5533f78a4fdf,9636,17:32:00,17:32:00,6,,0,0,2719.0,1,1,1
a5520afa-cce4-459d-b21e-5533f78a4fdf,9613,17:33:00,17:33:00,7,,0,0,3159.0,1,1,0
a5520afa-cce4-459d-b21e-5533f78a4fdf,9631,17:34:00,17:34:00,8,,0,0,3817.0,1,1,0
a5520afa-cce4-459d-b21e-5533f78a4fdf,9644,17:35:00,17:35:00,9,,0,0,4156.0,1,1,0
a5520afa-cce4-459d-b21e-5533f78a4fdf,9629,17:36:00,17:36:00,10,,0,0,4952.0,1,1,0
a5520afa-cce4-459d-b21e-5533f78a4fdf,9627,17:40:00,17:40:00,11,,0,0,5583.0,1,1,1
a5520afa-cce4-459d-b21e-5533f78a4fdf,9657,17:41:00,17:41:00,12,,0,0,6228.0,1,1,0
a5520afa-cce4-459d-b21e-5533f78a4fdf,9652,17:42:00,17:42:00,13,,0,0,6782.0,1,1,0
a5520afa-cce4-459d-b21e-5533f78a4fdf,9654,17:44:00,17:44:00,14,,0,0,7471.0,1,1,1
a5520afa-cce4-459d-b21e-5533f78a4fdf,9647,17:46:00,17:46:00,15,,0,0,8476.0,1,1,0
a5520afa-cce4-459d-b21e-5533f78a4fdf,9619,17:47:00,17:47:00,16,,0,0,9016.0,1,1,0
a5520afa-cce4-459d-b21e-5533f78a4fdf,9623,17:52:00,17:52:00,17,,0,0,10355.0,1,1,0
a5520afa-cce4-459d-b21e-5533f78a4fdf,9625,17:54:00,17:54:00,18,,0,0,10960.0,1,1,0
a5520afa-cce4-459d-b21e-5533f78a4fdf,9618,17:57:00,17:57:00,19,,0,0,11527.0,1,1,1
a5520afa-cce4-459d-b21e-5533f78a4fdf,9626,17:58:00,17:58:00,20,,0,0,11795.0,1,1,0
a5520afa-cce4-459d-b21e-5533f78a4fdf,9615,18:00:00,18:00:00,21,,0,0,12233.0,1,1,1
a5520afa-cce4-459d-b21e-5533f78a4fdf,9616,18:01:00,18:01:00,22,,0,0,13018.0,1,1,0
a5520afa-cce4-459d-b21e-5533f78a4fdf,9621,18:03:00,18:03:00,23,,0,0,13943.0,1,1,0
a5520afa-cce4-459d-b21e-5533f78a4fdf,9607,18:04:00,18:04:00,24,,0,0,14322.0,1,1,1
a5520afa-cce4-459d-b21e-5533f78a4fdf,9609,18:05:00,18:05:00,25,,0,0,14916.0,1,1,0
a5520afa-cce4-459d-b21e-5533f78a4fdf,9633,18:12:00,18:12:00,26,,0,0,15702.0,1,1,1
a5520afa-cce4-459d-b21e-5533f78a4fdf,9648,18:14:00,18:14:00,27,,0,0,16261.0,1,1,0
a5520afa-cce4-459d-b21e-5533f78a4fdf,9651,18:15:00,18:15:00,28,,0,0,16487.0,1,1,0
a5520afa-cce4-459d-b21e-5533f78a4fdf,9640,18:18:00,18:18:00,29,,0,0,17423.0,1,1,1
a5520afa-cce4-459d-b21e-5533f78a4fdf,9605,18:19:00,18:19:00,30,,0,0,18290.0,1,1,0
a5520afa-cce4-459d-b21e-5533f78a4fdf,9604,18:20:00,18:20:00,31,,0,0,18740.0,1,1,0
a5520afa-cce4-459d-b21e-5533f78a4fdf,9601,18:22:00,18:22:00,32,,1,0,19240.0,1,1,0
fe14590d-f6b8-4492-a462-143365ee4474,9602,16:50:00,16:50:00,1,,0,0,0.0,1,1,1
fe14590d-f6b8-4492-a462-143365ee4474,9603,16:51:00,16:51:00,2,,0,0,782.0,1,1,0
fe14590d-f6b8-4492-a462-143365ee4474,9611,16:53:00,16:53:00,3,,0,0,1458.0,1,1,0
fe14590d-f6b8-4492-a462-143365ee4474,9634,16:55:00,16:55:00,4,,0,0,1778.0,1,1,0
fe14590d-f6b8-4492-a462-143365ee4474,9638,16:56:00,16:56:00,5,,0,0,2089.0,1,1,0
fe14590d-f6b8-4492-a462-143365ee4474,9636,16:59:00,16:59:00,6,,0,0,2719.0,1,1,1
fe14590d-f6b8-4492-a462-143365ee4474,9613,17:00:00,17:00:00,7,,0,0,3159.0,1,1,0
fe14590d-f6b8-4492-a462-143365ee4474,9631,17:01:00,17:01:00,8,,0,0,3817.0,1,1,0
fe14590d-f6b8-4492-a462-143365ee4474,9644,17:02:00,17:02:00,9,,0,0,4156.0,1,1,0
fe14590d-f6b8-4492-a462-143365ee4474,9629,17:03:00,17:03:00,10,,0,0,4952.0,1,1,0
fe14590d-f6b8-4492-a462-143365ee4474,9627,17:06:00,17:06:00,11,,0,0,5583.0,1,1,1
fe14590d-f6b8-4492-a462-143365ee4474,9657,17:07:00,17:07:00,12,,0,0,6228.0,1,1,0
fe14590d-f6b8-4492-a462-143365ee4474,9652,17:08:00,17:08:00,13,,0,0,6782.0,1,1,0
fe14590d-f6b8-4492-a462-143365ee4474,9654,17:10:00,17:10:00,14,,0,0,7471.0,1,1,1
fe14590d-f6b8-4492-a462-143365ee4474,9647,17:12:00,17:12:00,15,,0,0,8476.0,1,1,0
fe14590d-f6b8-4492-a462-143365ee4474,9619,17:13:00,17:13:00,16,,0,0,9016.0,1,1,0
fe14590d-f6b8-4492-a462-143365ee4474,9623,17:17:00,17:17:00,17,,0,0,10355.0,1,1,0
fe14590d-f6b8-4492-a462-143365ee4474,9625,17:19:00,17:19:00,18,,0,0,10960.0,1,1,0
fe14590d-f6b8-4492-a462-143365ee4474,9618,17:22:00,17:22:00,19,,0,0,11527.0,1,1,1
fe14590d-f6b8-4492-a462-143365ee4474,9626,17:23:00,17:23:00,20,,0,0,11795.0,1,1,0
fe14590d-f6b8-4492-a462-143365ee4474,9615,17:25:00,17:25:00,21,,0,0,12233.0,1,1,0
fe14590d-f6b8-4492-a462-143365ee4474,9616,17:26:00,17:26:00,22,,0,0,13018.0,1,1,0
fe14590d-f6b8-4492-a462-143365ee4474,9621,17:28:00,17:28:00,23,,0,0,13943.0,1,1,0
fe14590d-f6b8-4492-a462-143365ee4474,9607,17:29:00,17:29:00,24,,0,0,14322.0,1,1,1
fe14590d-f6b8-4492-a462-143365ee4474,9609,17:30:00,17:30:00,25,,0,0,14916.0,1,1,0
fe14590d-f6b8-4492-a462-143365ee4474,9633,17:35:00,17:35:00,26,,0,0,15702.0,1,1,1
fe14590d-f6b8-4492-a462-143365ee4474,9648,17:38:00,17:38:00,27,,0,0,16261.0,1,1,0
fe14590d-f6b8-4492-a462-143365ee4474,9651,17:39:00,17:39:00,28,,0,0,16487.0,1,1,0
fe14590d-f6b8-4492-a462-143365ee4474,9640,17:42:00,17:42:00,29,,0,0,17423.0,1,1,1
fe14590d-f6b8-4492-a462-143365ee4474,9605,17:43:00,17:43:00,30,,0,0,18290.0,1,1,0
fe14590d-f6b8-4492-a462-143365ee4474,9604,17:44:00,17:44:00,31,,0,0,18740.0,1,1,0
fe14590d-f6b8-4492-a462-143365ee4474,9601,17:48:00,17:48:00,32,,1,0,19240.0,1,1,0
db9181aa-c0d5-4574-b561-c421ed9450d9,9602,16:15:00,16:15:00,1,,0,0,0.0,1,1,1
db9181aa-c0d5-4574-b561-c421ed9450d9,9603,16:16:00,16:16:00,2,,0,0,782.0,1,1,0
db9181aa-c0d5-4574-b561-c421ed9450d9,9611,16:19:00,16:19:00,3,,0,0,1458.0,1,1,0
db9181aa-c0d5-4574-b561-c421ed9450d9,9634,16:21:00,16:21:00,4,,0,0,1778.0,1,1,0
db9181aa-c0d5-4574-b561-c421ed9450d9,9638,16:22:00,16:22:00,5,,0,0,2089.0,1,1,0
db9181aa-c0d5-4574-b561-c421ed9450d9,9636,16:26:00,16:26:00,6,,0,0,2719.0,1,1,1
db9181aa-c0d5-4574-b561-c421ed9450d9,9613,16:27:00,16:27:00,7,,0,0,3159.0,1,1,0
db9181aa-c0d5-4574-b561-c421ed9450d9,9631,16:28:00,16:28:00,8,,0,0,3817.0,1,1,0
db9181aa-c0d5-4574-b561-c421ed9450d9,9644,16:29:00,16:29:00,9,,0,0,4156.0,1,1,0
db9181aa-c0d5-4574-b561-c421ed9450d9,9629,16:30:00,16:30:00,10,,0,0,4952.0,1,1,0
db9181aa-c0d5-4574-b561-c421ed9450d9,9627,16:33:00,16:33:00,11,,0,0,5583.0,1,1,1
db9181aa-c0d5-4574-b561-c421ed9450d9,9657,16:34:00,16:34:00,12,,0,0,6228.0,1,1,0
db9181aa-c0d5-4574-b561-c421ed9450d9,9652,16:35:00,16:35:00,13,,0,0,6782.0,1,1,0
db9181aa-c0d5-4574-b561-c421ed9450d9,9654,16:37:00,16:37:00,14,,0,0,7471.0,1,1,1
db9181aa-c0d5-4574-b561-c421ed9450d9,9647,16:39:00,16:39:00,15,,0,0,8476.0,1,1,0
db9181aa-c0d5-4574-b561-c421ed9450d9,9619,16:40:00,16:40:00,16,,0,0,9016.0,1,1,0
db9181aa-c0d5-4574-b561-c421ed9450d9,9623,16:44:00,16:44:00,17,,0,0,10355.0,1,1,0
db9181aa-c0d5-4574-b561-c421ed9450d9,9625,16:46:00,16:46:00,18,,0,0,10960.0,1,1,0
db9181aa-c0d5-4574-b561-c421ed9450d9,9618,16:49:00,16:49:00,19,,0,0,11527.0,1,1,1
db9181aa-c0d5-4574-b561-c421ed9450d9,9626,16:50:00,16:50:00,20,,0,0,11795.0,1,1,0
db9181aa-c0d5-4574-b561-c421ed9450d9,9615,16:52:00,16:52:00,21,,0,0,12233.0,1,1,0
db9181aa-c0d5-4574-b561-c421ed9450d9,9616,16:53:00,16:53:00,22,,0,0,13018.0,1,1,0
db9181aa-c0d5-4574-b561-c421ed9450d9,9621,16:55:00,16:55:00,23,,0,0,13943.0,1,1,0
db9181aa-c0d5-4574-b561-c421ed9450d9,9607,16:56:00,16:56:00,24,,0,0,14322.0,1,1,1
db9181aa-c0d5-4574-b561-c421ed9450d9,9609,16:58:00,16:58:00,25,,0,0,14916.0,1,1,0
db9181aa-c0d5-4574-b561-c421ed9450d9,9633,17:05:00,17:05:00,26,,0,0,15702.0,1,1,1
db9181aa-c0d5-4574-b561-c421ed9450d9,9648,17:07:00,17:07:00,27,,0,0,16261.0,1,1,0
db9181aa-c0d5-4574-b561-c421ed9450d9,9651,17:08:00,17:08:00,28,,0,0,16487.0,1,1,0
db9181aa-c0d5-4574-b561-c421ed9450d9,9640,17:11:00,17:11:00,29,,0,0,17423.0,1,1,1
db9181aa-c0d5-4574-b561-c421ed9450d9,9605,17:12:00,17:12:00,30,,0,0,18290.0,1,1,0
db9181aa-c0d5-4574-b561-c421ed9450d9,9604,17:13:00,17:13:00,31,,0,0,18740.0,1,1,0
db9181aa-c0d5-4574-b561-c421ed9450d9,9601,17:15:00,17:15:00,32,,1,0,19240.0,1,1,0
70616833-f40a-4c47-b40a-b8d37d67dcbb,9602,14:40:00,14:40:00,1,,0,0,0.0,1,1,1
70616833-f40a-4c47-b40a-b8d37d67dcbb,9603,14:41:00,14:41:00,2,,0,0,782.0,1,1,0
70616833-f40a-4c47-b40a-b8d37d67dcbb,9611,14:43:00,14:43:00,3,,0,0,1458.0,1,1,0
70616833-f40a-4c47-b40a-b8d37d67dcbb,9634,14:44:00,14:44:00,4,,0,0,1778.0,1,1,0
70616833-f40a-4c47-b40a-b8d37d67dcbb,9638,14:45:00,14:45:00,5,,0,0,2089.0,1,1,0
70616833-f40a-4c47-b40a-b8d37d67dcbb,9636,14:48:00,14:48:00,6,,0,0,2719.0,1,1,1
70616833-f40a-4c47-b40a-b8d37d67dcbb,9613,14:49:00,14:49:00,7,,0,0,3159.0,1,1,0
70616833-f40a-4c47-b40a-b8d37d67dcbb,9631,14:50:00,14:50:00,8,,0,0,3817.0,1,1,0
70616833-f40a-4c47-b40a-b8d37d67dcbb,9644,14:51:00,14:51:00,9,,0,0,4156.0,1,1,0
70616833-f40a-4c47-b40a-b8d37d67dcbb,9629,14:52:00,14:52:00,10,,0,0,4952.0,1,1,0
70616833-f40a-4c47-b40a-b8d37d67dcbb,9627,14:55:00,14:55:00,11,,0,0,5583.0,1,1,1
70616833-f40a-4c47-b40a-b8d37d67dcbb,9657,14:56:00,14:56:00,12,,0,0,6228.0,1,1,0
70616833-f40a-4c47-b40a-b8d37d67dcbb,9652,14:57:00,14:57:00,13,,0,0,6782.0,1,1,0
70616833-f40a-4c47-b40a-b8d37d67dcbb,9654,14:59:00,14:59:00,14,,0,0,7471.0,1,1,1
70616833-f40a-4c47-b40a-b8d37d67dcbb,9647,15:01:00,15:01:00,15,,0,0,8476.0,1,1,0
70616833-f40a-4c47-b40a-b8d37d67dcbb,9619,15:03:00,15:03:00,16,,0,0,9016.0,1,1,0
70616833-f40a-4c47-b40a-b8d37d67dcbb,9623,15:07:00,15:07:00,17,,0,0,10355.0,1,1,0
70616833-f40a-4c47-b40a-b8d37d67dcbb,9625,15:10:00,15:10:00,18,,0,0,10960.0,1,1,0
70616833-f40a-4c47-b40a-b8d37d67dcbb,9618,15:12:00,15:12:00,19,,0,0,11527.0,1,1,1
70616833-f40a-4c47-b40a-b8d37d67dcbb,9626,15:13:00,15:13:00,20,,0,0,11795.0,1,1,0
70616833-f40a-4c47-b40a-b8d37d67dcbb,9615,15:16:00,15:16:00,21,,0,0,12233.0,1,1,0
70616833-f40a-4c47-b40a-b8d37d67dcbb,9616,15:17:00,15:17:00,22,,0,0,13018.0,1,1,0
70616833-f40a-4c47-b40a-b8d37d67dcbb,9621,15:19:00,15:19:00,23,,0,0,13943.0,1,1,0
70616833-f40a-4c47-b40a-b8d37d67dcbb,9607,15:20:00,15:20:00,24,,0,0,14322.0,1,1,1
70616833-f40a-4c47-b40a-b8d37d67dcbb,9609,15:22:00,15:22:00,25,,0,0,14916.0,1,1,0
70616833-f40a-4c47-b40a-b8d37d67dcbb,9633,15:27:00,15:27:00,26,,0,0,15702.0,1,1,1
70616833-f40a-4c47-b40a-b8d37d67dcbb,9648,15:29:00,15:29:00,27,,0,0,16261.0,1,1,0
70616833-f40a-4c47-b40a-b8d37d67dcbb,9651,15:31:00,15:31:00,28,,0,0,16487.0,1,1,0
70616833-f40a-4c47-b40a-b8d37d67dcbb,9640,15:34:00,15:34:00,29,,0,0,17423.0,1,1,1
70616833-f40a-4c47-b40a-b8d37d67dcbb,9605,15:36:00,15:36:00,30,,0,0,18290.0,1,1,0
70616833-f40a-4c47-b40a-b8d37d67dcbb,9604,15:37:00,15:37:00,31,,0,0,18740.0,1,1,0
70616833-f40a-4c47-b40a-b8d37d67dcbb,9601,15:40:00,15:40:00,32,,1,0,19240.0,1,1,0
ff160ef9-07f2-4643-b899-d1f2a040ea58,9602,14:05:00,14:05:00,1,,0,0,0.0,1,1,1
ff160ef9-07f2-4643-b899-d1f2a040ea58,9603,14:06:00,14:06:00,2,,0,0,782.0,1,1,0
ff160ef9-07f2-4643-b899-d1f2a040ea58,9611,14:08:00,14:08:00,3,,0,0,1458.0,1,1,0
ff160ef9-07f2-4643-b899-d1f2a040ea58,9634,14:09:00,14:09:00,4,,0,0,1778.0,1,1,0
ff160ef9-07f2-4643-b899-d1f2a040ea58,9638,14:10:00,14:10:00,5,,0,0,2089.0,1,1,0
ff160ef9-07f2-4643-b899-d1f2a040ea58,9636,14:13:00,14:13:00,6,,0,0,2719.0,1,1,1
ff160ef9-07f2-4643-b899-d1f2a040ea58,9613,14:14:00,14:14:00,7,,0,0,3159.0,1,1,0
ff160ef9-07f2-4643-b899-d1f2a040ea58,9631,14:15:00,14:15:00,8,,0,0,3817.0,1,1,0
ff160ef9-07f2-4643-b899-d1f2a040ea58,9644,14:16:00,14:16:00,9,,0,0,4156.0,1,1,0
ff160ef9-07f2-4643-b899-d1f2a040ea58,9629,14:17:00,14:17:00,10,,0,0,4952.0,1,1,0
ff160ef9-07f2-4643-b899-d1f2a040ea58,9627,14:20:00,14:20:00,11,,0,0,5583.0,1,1,1
ff160ef9-07f2-4643-b899-d1f2a040ea58,9657,14:21:00,14:21:00,12,,0,0,6228.0,1,1,0
ff160ef9-07f2-4643-b899-d1f2a040ea58,9652,14:22:00,14:22:00,13,,0,0,6782.0,1,1,0
ff160ef9-07f2-4643-b899-d1f2a040ea58,9654,14:24:00,14:24:00,14,,0,0,7471.0,1,1,1
ff160ef9-07f2-4643-b899-d1f2a040ea58,9647,14:26:00,14:26:00,15,,0,0,8476.0,1,1,0
ff160ef9-07f2-4643-b899-d1f2a040ea58,9619,14:27:00,14:27:00,16,,0,0,9016.0,1,1,0
ff160ef9-07f2-4643-b899-d1f2a040ea58,9623,14:31:00,14:31:00,17,,0,0,10355.0,1,1,0
ff160ef9-07f2-4643-b899-d1f2a040ea58,9625,14:33:00,14:33:00,18,,0,0,10960.0,1,1,0
ff160ef9-07f2-4643-b899-d1f2a040ea58,9618,14:36:00,14:36:00,19,,0,0,11527.0,1,1,1
ff160ef9-07f2-4643-b899-d1f2a040ea58,9626,14:37:00,14:37:00,20,,0,0,11795.0,1,1,0
ff160ef9-07f2-4643-b899-d1f2a040ea58,9615,14:39:00,14:39:00,21,,0,0,12233.0,1,1,0
ff160ef9-07f2-4643-b899-d1f2a040ea58,9616,14:40:00,14:40:00,22,,0,0,13018.0,1,1,0
ff160ef9-07f2-4643-b899-d1f2a040ea58,9621,14:42:00,14:42:00,23,,0,0,13943.0,1,1,0
ff160ef9-07f2-4643-b899-d1f2a040ea58,9607,14:43:00,14:43:00,24,,0,0,14322.0,1,1,1
ff160ef9-07f2-4643-b899-d1f2a040ea58,9609,14:44:00,14:44:00,25,,0,0,14916.0,1,1,0
ff160ef9-07f2-4643-b899-d1f2a040ea58,9633,14:49:00,14:49:00,26,,0,0,15702.0,1,1,1
ff160ef9-07f2-4643-b899-d1f2a040ea58,9648,14:51:00,14:51:00,27,,0,0,16261.0,1,1,0
ff160ef9-07f2-4643-b899-d1f2a040ea58,9651,14:52:00,14:52:00,28,,0,0,16487.0,1,1,0
ff160ef9-07f2-4643-b899-d1f2a040ea58,9640,14:55:00,14:55:00,29,,0,0,17423.0,1,1,1
ff160ef9-07f2-4643-b899-d1f2a040ea58,9605,14:57:00,14:57:00,30,,0,0,18290.0,1,1,0
ff160ef9-07f2-4643-b899-d1f2a040ea58,9604,14:58:00,14:58:00,31,,0,0,18740.0,1,1,0
ff160ef9-07f2-4643-b899-d1f2a040ea58,9601,15:00:00,15:00:00,32,,1,0,19240.0,1,1,0
a3192d15-e34d-4c53-a269-d767570ba3be,9602,13:40:00,13:40:00,1,,0,0,0.0,1,1,1
a3192d15-e34d-4c53-a269-d767570ba3be,9603,13:41:00,13:41:00,2,,0,0,782.0,1,1,0
a3192d15-e34d-4c53-a269-d767570ba3be,9611,13:43:00,13:43:00,3,,0,0,1458.0,1,1,0
a3192d15-e34d-4c53-a269-d767570ba3be,9634,13:44:00,13:44:00,4,,0,0,1778.0,1,1,0
a3192d15-e34d-4c53-a269-d767570ba3be,9638,13:45:00,13:45:00,5,,0,0,2089.0,1,1,0
a3192d15-e34d-4c53-a269-d767570ba3be,9636,13:48:00,13:48:00,6,,0,0,2719.0,1,1,1
a3192d15-e34d-4c53-a269-d767570ba3be,9613,13:49:00,13:49:00,7,,0,0,3159.0,1,1,0
a3192d15-e34d-4c53-a269-d767570ba3be,9631,13:50:00,13:50:00,8,,0,0,3817.0,1,1,0
a3192d15-e34d-4c53-a269-d767570ba3be,9644,13:51:00,13:51:00,9,,0,0,4156.0,1,1,0
a3192d15-e34d-4c53-a269-d767570ba3be,9629,13:52:00,13:52:00,10,,0,0,4952.0,1,1,0
a3192d15-e34d-4c53-a269-d767570ba3be,9627,13:54:00,13:54:00,11,,0,0,5583.0,1,1,1
a3192d15-e34d-4c53-a269-d767570ba3be,9657,13:55:00,13:55:00,12,,0,0,6228.0,1,1,0
a3192d15-e34d-4c53-a269-d767570ba3be,9652,13:56:00,13:56:00,13,,0,0,6782.0,1,1,0
a3192d15-e34d-4c53-a269-d767570ba3be,9654,13:58:00,13:58:00,14,,0,0,7471.0,1,1,1
a3192d15-e34d-4c53-a269-d767570ba3be,9647,14:00:00,14:00:00,15,,0,0,8476.0,1,1,0
a3192d15-e34d-4c53-a269-d767570ba3be,9619,14:01:00,14:01:00,16,,0,0,9016.0,1,1,0
a3192d15-e34d-4c53-a269-d767570ba3be,9623,14:05:00,14:05:00,17,,0,0,10355.0,1,1,0
a3192d15-e34d-4c53-a269-d767570ba3be,9625,14:07:00,14:07:00,18,,0,0,10960.0,1,1,0
a3192d15-e34d-4c53-a269-d767570ba3be,9618,14:10:00,14:10:00,19,,0,0,11527.0,1,1,1
a3192d15-e34d-4c53-a269-d767570ba3be,9626,14:11:00,14:11:00,20,,0,0,11795.0,1,1,0
a3192d15-e34d-4c53-a269-d767570ba3be,9615,14:13:00,14:13:00,21,,0,0,12233.0,1,1,0
a3192d15-e34d-4c53-a269-d767570ba3be,9616,14:14:00,14:14:00,22,,0,0,13018.0,1,1,0
a3192d15-e34d-4c53-a269-d767570ba3be,9621,14:16:00,14:16:00,23,,0,0,13943.0,1,1,0
a3192d15-e34d-4c53-a269-d767570ba3be,9607,14:17:00,14:17:00,24,,0,0,14322.0,1,1,1
a3192d15-e34d-4c53-a269-d767570ba3be,9609,14:18:00,14:18:00,25,,0,0,14916.0,1,1,0
a3192d15-e34d-4c53-a269-d767570ba3be,9633,14:24:00,14:24:00,26,,0,0,15702.0,1,1,1
a3192d15-e34d-4c53-a269-d767570ba3be,9648,14:26:00,14:26:00,27,,0,0,16261.0,1,1,0
a3192d15-e34d-4c53-a269-d767570ba3be,9651,14:27:00,14:27:00,28,,0,0,16487.0,1,1,0
a3192d15-e34d-4c53-a269-d767570ba3be,9640,14:30:00,14:30:00,29,,0,0,17423.0,1,1,1
a3192d15-e34d-4c53-a269-d767570ba3be,9605,14:31:00,14:31:00,30,,0,0,18290.0,1,1,0
a3192d15-e34d-4c53-a269-d767570ba3be,9604,14:32:00,14:32:00,31,,0,0,18740.0,1,1,0
a3192d15-e34d-4c53-a269-d767570ba3be,9601,14:35:00,14:35:00,32,,1,0,19240.0,1,1,0
65c22dd6-0650-43cd-a218-61bab6b83681,9602,13:05:00,13:05:00,1,,0,0,0.0,1,1,1
65c22dd6-0650-43cd-a218-61bab6b83681,9603,13:06:00,13:06:00,2,,0,0,782.0,1,1,0
65c22dd6-0650-43cd-a218-61bab6b83681,9611,13:08:00,13:08:00,3,,0,0,1458.0,1,1,0
65c22dd6-0650-43cd-a218-61bab6b83681,9634,13:09:00,13:09:00,4,,0,0,1778.0,1,1,0
65c22dd6-0650-43cd-a218-61bab6b83681,9638,13:10:00,13:10:00,5,,0,0,2089.0,1,1,0
65c22dd6-0650-43cd-a218-61bab6b83681,9636,13:13:00,13:13:00,6,,0,0,2719.0,1,1,1
65c22dd6-0650-43cd-a218-61bab6b83681,9613,13:14:00,13:14:00,7,,0,0,3159.0,1,1,0
65c22dd6-0650-43cd-a218-61bab6b83681,9631,13:15:00,13:15:00,8,,0,0,3817.0,1,1,0
65c22dd6-0650-43cd-a218-61bab6b83681,9644,13:16:00,13:16:00,9,,0,0,4156.0,1,1,0
65c22dd6-0650-43cd-a218-61bab6b83681,9629,13:17:00,13:17:00,10,,0,0,4952.0,1,1,0
65c22dd6-0650-43cd-a218-61bab6b83681,9627,13:20:00,13:20:00,11,,0,0,5583.0,1,1,1
65c22dd6-0650-43cd-a218-61bab6b83681,9657,13:21:00,13:21:00,12,,0,0,6228.0,1,1,0
65c22dd6-0650-43cd-a218-61bab6b83681,9652,13:22:00,13:22:00,13,,0,0,6782.0,1,1,0
65c22dd6-0650-43cd-a218-61bab6b83681,9654,13:24:00,13:24:00,14,,0,0,7471.0,1,1,1
65c22dd6-0650-43cd-a218-61bab6b83681,9647,13:26:00,13:26:00,15,,0,0,8476.0,1,1,0
65c22dd6-0650-43cd-a218-61bab6b83681,9619,13:27:00,13:27:00,16,,0,0,9016.0,1,1,0
65c22dd6-0650-43cd-a218-61bab6b83681,9623,13:30:00,13:30:00,17,,0,0,10355.0,1,1,0
65c22dd6-0650-43cd-a218-61bab6b83681,9625,13:32:00,13:32:00,18,,0,0,10960.0,1,1,0
65c22dd6-0650-43cd-a218-61bab6b83681,9618,13:36:00,13:36:00,19,,0,0,11527.0,1,1,1
65c22dd6-0650-43cd-a218-61bab6b83681,9626,13:37:00,13:37:00,20,,0,0,11795.0,1,1,0
65c22dd6-0650-43cd-a218-61bab6b83681,9615,13:39:00,13:39:00,21,,0,0,12233.0,1,1,0
65c22dd6-0650-43cd-a218-61bab6b83681,9616,13:40:00,13:40:00,22,,0,0,13018.0,1,1,0
65c22dd6-0650-43cd-a218-61bab6b83681,9621,13:42:00,13:42:00,23,,0,0,13943.0,1,1,0
65c22dd6-0650-43cd-a218-61bab6b83681,9607,13:43:00,13:43:00,24,,0,0,14322.0,1,1,1
65c22dd6-0650-43cd-a218-61bab6b83681,9609,13:44:00,13:44:00,25,,0,0,14916.0,1,1,0
65c22dd6-0650-43cd-a218-61bab6b83681,9633,13:50:00,13:50:00,26,,0,0,15702.0,1,1,1
65c22dd6-0650-43cd-a218-61bab6b83681,9648,13:52:00,13:52:00,27,,0,0,16261.0,1,1,0
65c22dd6-0650-43cd-a218-61bab6b83681,9651,13:53:00,13:53:00,28,,0,0,16487.0,1,1,0
65c22dd6-0650-43cd-a218-61bab6b83681,9640,13:56:00,13:56:00,29,,0,0,17423.0,1,1,1
65c22dd6-0650-43cd-a218-61bab6b83681,9605,13:57:00,13:57:00,30,,0,0,18290.0,1,1,0
65c22dd6-0650-43cd-a218-61bab6b83681,9604,13:58:00,13:58:00,31,,0,0,18740.0,1,1,0
65c22dd6-0650-43cd-a218-61bab6b83681,9601,14:00:00,14:00:00,32,,1,0,19240.0,1,1,0
0ab39e63-320d-47e9-a405-a4489193b311,9602,12:35:00,12:35:00,1,,0,0,0.0,1,1,1
0ab39e63-320d-47e9-a405-a4489193b311,9603,12:36:00,12:36:00,2,,0,0,782.0,1,1,0
0ab39e63-320d-47e9-a405-a4489193b311,9611,12:38:00,12:38:00,3,,0,0,1458.0,1,1,0
0ab39e63-320d-47e9-a405-a4489193b311,9634,12:39:00,12:39:00,4,,0,0,1778.0,1,1,0
0ab39e63-320d-47e9-a405-a4489193b311,9638,12:40:00,12:40:00,5,,0,0,2089.0,1,1,0
0ab39e63-320d-47e9-a405-a4489193b311,9636,12:43:00,12:43:00,6,,0,0,2719.0,1,1,1
0ab39e63-320d-47e9-a405-a4489193b311,9613,12:44:00,12:44:00,7,,0,0,3159.0,1,1,0
0ab39e63-320d-47e9-a405-a4489193b311,9631,12:45:00,12:45:00,8,,0,0,3817.0,1,1,0
0ab39e63-320d-47e9-a405-a4489193b311,9644,12:46:00,12:46:00,9,,0,0,4156.0,1,1,0
0ab39e63-320d-47e9-a405-a4489193b311,9629,12:47:00,12:47:00,10,,0,0,4952.0,1,1,0
0ab39e63-320d-47e9-a405-a4489193b311,9627,12:50:00,12:50:00,11,,0,0,5583.0,1,1,1
0ab39e63-320d-47e9-a405-a4489193b311,9657,12:51:00,12:51:00,12,,0,0,6228.0,1,1,0
0ab39e63-320d-47e9-a405-a4489193b311,9652,12:52:00,12:52:00,13,,0,0,6782.0,1,1,0
0ab39e63-320d-47e9-a405-a4489193b311,9654,12:54:00,12:54:00,14,,0,0,7471.0,1,1,1
0ab39e63-320d-47e9-a405-a4489193b311,9647,12:56:00,12:56:00,15,,0,0,8476.0,1,1,0
0ab39e63-320d-47e9-a405-a4489193b311,9619,12:57:00,12:57:00,16,,0,0,9016.0,1,1,0
0ab39e63-320d-47e9-a405-a4489193b311,9623,13:01:00,13:01:00,17,,0,0,10355.0,1,1,0
0ab39e63-320d-47e9-a405-a4489193b311,9625,13:02:00,13:02:00,18,,0,0,10960.0,1,1,0
0ab39e63-320d-47e9-a405-a4489193b311,9618,13:06:00,13:06:00,19,,0,0,11527.0,1,1,1
0ab39e63-320d-47e9-a405-a4489193b311,9626,13:07:00,13:07:00,20,,0,0,11795.0,1,1,0
0ab39e63-320d-47e9-a405-a4489193b311,9615,13:08:00,13:08:00,21,,0,0,12233.0,1,1,0
0ab39e63-320d-47e9-a405-a4489193b311,9616,13:09:00,13:09:00,22,,0,0,13018.0,1,1,0
0ab39e63-320d-47e9-a405-a4489193b311,9621,13:11:00,13:11:00,23,,0,0,13943.0,1,1,0
0ab39e63-320d-47e9-a405-a4489193b311,9607,13:12:00,13:12:00,24,,0,0,14322.0,1,1,1
0ab39e63-320d-47e9-a405-a4489193b311,9609,13:14:00,13:14:00,25,,0,0,14916.0,1,1,0
0ab39e63-320d-47e9-a405-a4489193b311,9633,13:19:00,13:19:00,26,,0,0,15702.0,1,1,1
0ab39e63-320d-47e9-a405-a4489193b311,9648,13:21:00,13:21:00,27,,0,0,16261.0,1,1,0
0ab39e63-320d-47e9-a405-a4489193b311,9651,13:22:00,13:22:00,28,,0,0,16487.0,1,1,0
0ab39e63-320d-47e9-a405-a4489193b311,9640,13:24:00,13:24:00,29,,0,0,17423.0,1,1,1
0ab39e63-320d-47e9-a405-a4489193b311,9605,13:25:00,13:25:00,30,,0,0,18290.0,1,1,0
0ab39e63-320d-47e9-a405-a4489193b311,9604,13:26:00,13:26:00,31,,0,0,18740.0,1,1,0
0ab39e63-320d-47e9-a405-a4489193b311,9601,13:30:00,13:30:00,32,,1,0,19240.0,1,1,0
add848c0-ee11-40b2-9ce0-0daecd0d5500,9602,12:05:00,12:05:00,1,,0,0,0.0,1,1,1
add848c0-ee11-40b2-9ce0-0daecd0d5500,9603,12:06:00,12:06:00,2,,0,0,782.0,1,1,0
add848c0-ee11-40b2-9ce0-0daecd0d5500,9611,12:08:00,12:08:00,3,,0,0,1458.0,1,1,0
add848c0-ee11-40b2-9ce0-0daecd0d5500,9634,12:09:00,12:09:00,4,,0,0,1778.0,1,1,0
add848c0-ee11-40b2-9ce0-0daecd0d5500,9638,12:10:00,12:10:00,5,,0,0,2089.0,1,1,0
add848c0-ee11-40b2-9ce0-0daecd0d5500,9636,12:13:00,12:13:00,6,,0,0,2719.0,1,1,1
add848c0-ee11-40b2-9ce0-0daecd0d5500,9613,12:14:00,12:14:00,7,,0,0,3159.0,1,1,0
add848c0-ee11-40b2-9ce0-0daecd0d5500,9631,12:15:00,12:15:00,8,,0,0,3817.0,1,1,0
add848c0-ee11-40b2-9ce0-0daecd0d5500,9644,12:16:00,12:16:00,9,,0,0,4156.0,1,1,0
add848c0-ee11-40b2-9ce0-0daecd0d5500,9629,12:17:00,12:17:00,10,,0,0,4952.0,1,1,0
add848c0-ee11-40b2-9ce0-0daecd0d5500,9627,12:19:00,12:19:00,11,,0,0,5583.0,1,1,1
add848c0-ee11-40b2-9ce0-0daecd0d5500,9657,12:20:00,12:20:00,12,,0,0,6228.0,1,1,0
add848c0-ee11-40b2-9ce0-0daecd0d5500,9652,12:21:00,12:21:00,13,,0,0,6782.0,1,1,0
add848c0-ee11-40b2-9ce0-0daecd0d5500,9654,12:23:00,12:23:00,14,,0,0,7471.0,1,1,1
add848c0-ee11-40b2-9ce0-0daecd0d5500,9647,12:25:00,12:25:00,15,,0,0,8476.0,1,1,0
add848c0-ee11-40b2-9ce0-0daecd0d5500,9619,12:26:00,12:26:00,16,,0,0,9016.0,1,1,0
add848c0-ee11-40b2-9ce0-0daecd0d5500,9623,12:30:00,12:30:00,17,,0,0,10355.0,1,1,0
add848c0-ee11-40b2-9ce0-0daecd0d5500,9625,12:31:00,12:31:00,18,,0,0,10960.0,1,1,0
add848c0-ee11-40b2-9ce0-0daecd0d5500,9618,12:35:00,12:35:00,19,,0,0,11527.0,1,1,1
add848c0-ee11-40b2-9ce0-0daecd0d5500,9626,12:36:00,12:36:00,20,,0,0,11795.0,1,1,0
add848c0-ee11-40b2-9ce0-0daecd0d5500,9615,12:37:00,12:37:00,21,,0,0,12233.0,1,1,0
add848c0-ee11-40b2-9ce0-0daecd0d5500,9616,12:38:00,12:38:00,22,,0,0,13018.0,1,1,0
add848c0-ee11-40b2-9ce0-0daecd0d5500,9621,12:40:00,12:40:00,23,,0,0,13943.0,1,1,0
add848c0-ee11-40b2-9ce0-0daecd0d5500,9607,12:41:00,12:41:00,24,,0,0,14322.0,1,1,1
add848c0-ee11-40b2-9ce0-0daecd0d5500,9609,12:42:00,12:42:00,25,,0,0,14916.0,1,1,0
add848c0-ee11-40b2-9ce0-0daecd0d5500,9633,12:48:00,12:48:00,26,,0,0,15702.0,1,1,1
add848c0-ee11-40b2-9ce0-0daecd0d5500,9648,12:50:00,12:50:00,27,,0,0,16261.0,1,1,0
add848c0-ee11-40b2-9ce0-0daecd0d5500,9651,12:51:00,12:51:00,28,,0,0,16487.0,1,1,0
add848c0-ee11-40b2-9ce0-0daecd0d5500,9640,12:54:00,12:54:00,29,,0,0,17423.0,1,1,1
add848c0-ee11-40b2-9ce0-0daecd0d5500,9605,12:55:00,12:55:00,30,,0,0,18290.0,1,1,0
add848c0-ee11-40b2-9ce0-0daecd0d5500,9604,12:56:00,12:56:00,31,,0,0,18740.0,1,1,0
add848c0-ee11-40b2-9ce0-0daecd0d5500,9601,12:59:00,12:59:00,32,,1,0,19240.0,1,1,0
693df5d9-5f32-47b4-b081-7375c605db04,9602,11:35:00,11:35:00,1,,0,0,0.0,1,1,1
693df5d9-5f32-47b4-b081-7375c605db04,9603,11:36:00,11:36:00,2,,0,0,782.0,1,1,0
693df5d9-5f32-47b4-b081-7375c605db04,9611,11:38:00,11:38:00,3,,0,0,1458.0,1,1,0
693df5d9-5f32-47b4-b081-7375c605db04,9634,11:39:00,11:39:00,4,,0,0,1778.0,1,1,0
693df5d9-5f32-47b4-b081-7375c605db04,9638,11:40:00,11:40:00,5,,0,0,2089.0,1,1,0
693df5d9-5f32-47b4-b081-7375c605db04,9636,11:43:00,11:43:00,6,,0,0,2719.0,1,1,1
693df5d9-5f32-47b4-b081-7375c605db04,9613,11:44:00,11:44:00,7,,0,0,3159.0,1,1,0
693df5d9-5f32-47b4-b081-7375c605db04,9631,11:45:00,11:45:00,8,,0,0,3817.0,1,1,0
693df5d9-5f32-47b4-b081-7375c605db04,9644,11:46:00,11:46:00,9,,0,0,4156.0,1,1,0
693df5d9-5f32-47b4-b081-7375c605db04,9629,11:48:00,11:48:00,10,,0,0,4952.0,1,1,0
693df5d9-5f32-47b4-b081-7375c605db04,9627,11:50:00,11:50:00,11,,0,0,5583.0,1,1,1
693df5d9-5f32-47b4-b081-7375c605db04,9657,11:51:00,11:51:00,12,,0,0,6228.0,1,1,0
693df5d9-5f32-47b4-b081-7375c605db04,9652,11:52:00,11:52:00,13,,0,0,6782.0,1,1,0
693df5d9-5f32-47b4-b081-7375c605db04,9654,11:54:00,11:54:00,14,,0,0,7471.0,1,1,1
693df5d9-5f32-47b4-b081-7375c605db04,9647,11:56:00,11:56:00,15,,0,0,8476.0,1,1,0
693df5d9-5f32-47b4-b081-7375c605db04,9619,11:57:00,11:57:00,16,,0,0,9016.0,1,1,0
693df5d9-5f32-47b4-b081-7375c605db04,9623,12:01:00,12:01:00,17,,0,0,10355.0,1,1,0
693df5d9-5f32-47b4-b081-7375c605db04,9625,12:03:00,12:03:00,18,,0,0,10960.0,1,1,0
693df5d9-5f32-47b4-b081-7375c605db04,9618,12:06:00,12:06:00,19,,0,0,11527.0,1,1,1
693df5d9-5f32-47b4-b081-7375c605db04,9626,12:07:00,12:07:00,20,,0,0,11795.0,1,1,0
693df5d9-5f32-47b4-b081-7375c605db04,9615,12:08:00,12:08:00,21,,0,0,12233.0,1,1,0
693df5d9-5f32-47b4-b081-7375c605db04,9616,12:09:00,12:09:00,22,,0,0,13018.0,1,1,0
693df5d9-5f32-47b4-b081-7375c605db04,9621,12:11:00,12:11:00,23,,0,0,13943.0,1,1,0
693df5d9-5f32-47b4-b081-7375c605db04,9607,12:12:00,12:12:00,24,,0,0,14322.0,1,1,1
693df5d9-5f32-47b4-b081-7375c605db04,9609,12:13:00,12:13:00,25,,0,0,14916.0,1,1,0
693df5d9-5f32-47b4-b081-7375c605db04,9633,12:19:00,12:19:00,26,,0,0,15702.0,1,1,1
693df5d9-5f32-47b4-b081-7375c605db04,9648,12:21:00,12:21:00,27,,0,0,16261.0,1,1,0
693df5d9-5f32-47b4-b081-7375c605db04,9651,12:22:00,12:22:00,28,,0,0,16487.0,1,1,0
693df5d9-5f32-47b4-b081-7375c605db04,9640,12:25:00,12:25:00,29,,0,0,17423.0,1,1,1
693df5d9-5f32-47b4-b081-7375c605db04,9605,12:26:00,12:26:00,30,,0,0,18290.0,1,1,0
693df5d9-5f32-47b4-b081-7375c605db04,9604,12:27:00,12:27:00,31,,0,0,18740.0,1,1,0
693df5d9-5f32-47b4-b081-7375c605db04,9601,12:30:00,12:30:00,32,,1,0,19240.0,1,1,0
9bc9420f-2c00-4f35-b87a-53dcc846dabe,9602,11:05:00,11:05:00,1,,0,0,0.0,1,1,1
9bc9420f-2c00-4f35-b87a-53dcc846dabe,9603,11:06:00,11:06:00,2,,0,0,782.0,1,1,0
9bc9420f-2c00-4f35-b87a-53dcc846dabe,9611,11:08:00,11:08:00,3,,0,0,1458.0,1,1,0
9bc9420f-2c00-4f35-b87a-53dcc846dabe,9634,11:09:00,11:09:00,4,,0,0,1778.0,1,1,0
9bc9420f-2c00-4f35-b87a-53dcc846dabe,9638,11:10:00,11:10:00,5,,0,0,2089.0,1,1,0
9bc9420f-2c00-4f35-b87a-53dcc846dabe,9636,11:13:00,11:13:00,6,,0,0,2719.0,1,1,1
9bc9420f-2c00-4f35-b87a-53dcc846dabe,9613,11:14:00,11:14:00,7,,0,0,3159.0,1,1,0
9bc9420f-2c00-4f35-b87a-53dcc846dabe,9631,11:15:00,11:15:00,8,,0,0,3817.0,1,1,0
9bc9420f-2c00-4f35-b87a-53dcc846dabe,9644,11:16:00,11:16:00,9,,0,0,4156.0,1,1,0
9bc9420f-2c00-4f35-b87a-53dcc846dabe,9629,11:17:00,11:17:00,10,,0,0,4952.0,1,1,0
9bc9420f-2c00-4f35-b87a-53dcc846dabe,9627,11:19:00,11:19:00,11,,0,0,5583.0,1,1,1
9bc9420f-2c00-4f35-b87a-53dcc846dabe,9657,11:20:00,11:20:00,12,,0,0,6228.0,1,1,0
9bc9420f-2c00-4f35-b87a-53dcc846dabe,9652,11:21:00,11:21:00,13,,0,0,6782.0,1,1,0
9bc9420f-2c00-4f35-b87a-53dcc846dabe,9654,11:23:00,11:23:00,14,,0,0,7471.0,1,1,1
9bc9420f-2c00-4f35-b87a-53dcc846dabe,9647,11:25:00,11:25:00,15,,0,0,8476.0,1,1,0
9bc9420f-2c00-4f35-b87a-53dcc846dabe,9619,11:26:00,11:26:00,16,,0,0,9016.0,1,1,0
9bc9420f-2c00-4f35-b87a-53dcc846dabe,9623,11:30:00,11:30:00,17,,0,0,10355.0,1,1,0
9bc9420f-2c00-4f35-b87a-53dcc846dabe,9625,11:31:00,11:31:00,18,,0,0,10960.0,1,1,0
9bc9420f-2c00-4f35-b87a-53dcc846dabe,9618,11:34:00,11:34:00,19,,0,0,11527.0,1,1,1
9bc9420f-2c00-4f35-b87a-53dcc846dabe,9626,11:35:00,11:35:00,20,,0,0,11795.0,1,1,0
9bc9420f-2c00-4f35-b87a-53dcc846dabe,9615,11:37:00,11:37:00,21,,0,0,12233.0,1,1,0
9bc9420f-2c00-4f35-b87a-53dcc846dabe,9616,11:38:00,11:38:00,22,,0,0,13018.0,1,1,0
9bc9420f-2c00-4f35-b87a-53dcc846dabe,9621,11:40:00,11:40:00,23,,0,0,13943.0,1,1,0
9bc9420f-2c00-4f35-b87a-53dcc846dabe,9607,11:41:00,11:41:00,24,,0,0,14322.0,1,1,1
9bc9420f-2c00-4f35-b87a-53dcc846dabe,9609,11:43:00,11:43:00,25,,0,0,14916.0,1,1,0
9bc9420f-2c00-4f35-b87a-53dcc846dabe,9633,11:48:00,11:48:00,26,,0,0,15702.0,1,1,1
9bc9420f-2c00-4f35-b87a-53dcc846dabe,9648,11:50:00,11:50:00,27,,0,0,16261.0,1,1,0
9bc9420f-2c00-4f35-b87a-53dcc846dabe,9651,11:51:00,11:51:00,28,,0,0,16487.0,1,1,0
9bc9420f-2c00-4f35-b87a-53dcc846dabe,9640,11:54:00,11:54:00,29,,0,0,17423.0,1,1,1
9bc9420f-2c00-4f35-b87a-53dcc846dabe,9605,11:55:00,11:55:00,30,,0,0,18290.0,1,1,0
9bc9420f-2c00-4f35-b87a-53dcc846dabe,9604,11:56:00,11:56:00,31,,0,0,18740.0,1,1,0
9bc9420f-2c00-4f35-b87a-53dcc846dabe,9601,12:00:00,12:00:00,32,,1,0,19240.0,1,1,0
8d60a955-b936-4365-93ee-2a8763fb04cb,9602,10:35:00,10:35:00,1,,0,0,0.0,1,1,1
8d60a955-b936-4365-93ee-2a8763fb04cb,9603,10:36:00,10:36:00,2,,0,0,782.0,1,1,0
8d60a955-b936-4365-93ee-2a8763fb04cb,9611,10:38:00,10:38:00,3,,0,0,1458.0,1,1,0
8d60a955-b936-4365-93ee-2a8763fb04cb,9634,10:39:00,10:39:00,4,,0,0,1778.0,1,1,0
8d60a955-b936-4365-93ee-2a8763fb04cb,9638,10:40:00,10:40:00,5,,0,0,2089.0,1,1,0
8d60a955-b936-4365-93ee-2a8763fb04cb,9636,10:42:00,10:42:00,6,,0,0,2719.0,1,1,1
8d60a955-b936-4365-93ee-2a8763fb04cb,9613,10:43:00,10:43:00,7,,0,0,3159.0,1,1,0
8d60a955-b936-4365-93ee-2a8763fb04cb,9631,10:44:00,10:44:00,8,,0,0,3817.0,1,1,0
8d60a955-b936-4365-93ee-2a8763fb04cb,9644,10:45:00,10:45:00,9,,0,0,4156.0,1,1,0
8d60a955-b936-4365-93ee-2a8763fb04cb,9629,10:46:00,10:46:00,10,,0,0,4952.0,1,1,0
8d60a955-b936-4365-93ee-2a8763fb04cb,9627,10:48:00,10:48:00,11,,0,0,5583.0,1,1,1
8d60a955-b936-4365-93ee-2a8763fb04cb,9657,10:49:00,10:49:00,12,,0,0,6228.0,1,1,0
8d60a955-b936-4365-93ee-2a8763fb04cb,9652,10:50:00,10:50:00,13,,0,0,6782.0,1,1,0
8d60a955-b936-4365-93ee-2a8763fb04cb,9654,10:52:00,10:52:00,14,,0,0,7471.0,1,1,1
8d60a955-b936-4365-93ee-2a8763fb04cb,9647,10:54:00,10:54:00,15,,0,0,8476.0,1,1,0
8d60a955-b936-4365-93ee-2a8763fb04cb,9619,10:55:00,10:55:00,16,,0,0,9016.0,1,1,0
8d60a955-b936-4365-93ee-2a8763fb04cb,9623,10:59:00,10:59:00,17,,0,0,10355.0,1,1,0
8d60a955-b936-4365-93ee-2a8763fb04cb,9625,11:00:00,11:00:00,18,,0,0,10960.0,1,1,0
8d60a955-b936-4365-93ee-2a8763fb04cb,9618,11:03:00,11:03:00,19,,0,0,11527.0,1,1,1
8d60a955-b936-4365-93ee-2a8763fb04cb,9626,11:04:00,11:04:00,20,,0,0,11795.0,1,1,0
8d60a955-b936-4365-93ee-2a8763fb04cb,9615,11:06:00,11:06:00,21,,0,0,12233.0,1,1,0
8d60a955-b936-4365-93ee-2a8763fb04cb,9616,11:07:00,11:07:00,22,,0,0,13018.0,1,1,0
8d60a955-b936-4365-93ee-2a8763fb04cb,9621,11:09:00,11:09:00,23,,0,0,13943.0,1,1,0
8d60a955-b936-4365-93ee-2a8763fb04cb,9607,11:10:00,11:10:00,24,,0,0,14322.0,1,1,1
8d60a955-b936-4365-93ee-2a8763fb04cb,9609,11:12:00,11:12:00,25,,0,0,14916.0,1,1,0
8d60a955-b936-4365-93ee-2a8763fb04cb,9633,11:17:00,11:17:00,26,,0,0,15702.0,1,1,1
8d60a955-b936-4365-93ee-2a8763fb04cb,9648,11:18:00,11:18:00,27,,0,0,16261.0,1,1,0
8d60a955-b936-4365-93ee-2a8763fb04cb,9651,11:19:00,11:19:00,28,,0,0,16487.0,1,1,0
8d60a955-b936-4365-93ee-2a8763fb04cb,9640,11:22:00,11:22:00,29,,0,0,17423.0,1,1,1
8d60a955-b936-4365-93ee-2a8763fb04cb,9605,11:23:00,11:23:00,30,,0,0,18290.0,1,1,0
8d60a955-b936-4365-93ee-2a8763fb04cb,9604,11:24:00,11:24:00,31,,0,0,18740.0,1,1,0
8d60a955-b936-4365-93ee-2a8763fb04cb,9601,11:27:00,11:27:00,32,,1,0,19240.0,1,1,0
d760ad13-c7d2-4121-bf98-a74fed8742ce,9602,10:05:00,10:05:00,1,,0,0,0.0,1,1,1
d760ad13-c7d2-4121-bf98-a74fed8742ce,9603,10:06:00,10:06:00,2,,0,0,782.0,1,1,0
d760ad13-c7d2-4121-bf98-a74fed8742ce,9611,10:08:00,10:08:00,3,,0,0,1458.0,1,1,0
d760ad13-c7d2-4121-bf98-a74fed8742ce,9634,10:09:00,10:09:00,4,,0,0,1778.0,1,1,0
d760ad13-c7d2-4121-bf98-a74fed8742ce,9638,10:10:00,10:10:00,5,,0,0,2089.0,1,1,0
d760ad13-c7d2-4121-bf98-a74fed8742ce,9636,10:13:00,10:13:00,6,,0,0,2719.0,1,1,1
d760ad13-c7d2-4121-bf98-a74fed8742ce,9613,10:14:00,10:14:00,7,,0,0,3159.0,1,1,0
d760ad13-c7d2-4121-bf98-a74fed8742ce,9631,10:15:00,10:15:00,8,,0,0,3817.0,1,1,0
d760ad13-c7d2-4121-bf98-a74fed8742ce,9644,10:16:00,10:16:00,9,,0,0,4156.0,1,1,0
d760ad13-c7d2-4121-bf98-a74fed8742ce,9629,10:17:00,10:17:00,10,,0,0,4952.0,1,1,0
d760ad13-c7d2-4121-bf98-a74fed8742ce,9627,10:19:00,10:19:00,11,,0,0,5583.0,1,1,1
d760ad13-c7d2-4121-bf98-a74fed8742ce,9657,10:20:00,10:20:00,12,,0,0,6228.0,1,1,0
d760ad13-c7d2-4121-bf98-a74fed8742ce,9652,10:21:00,10:21:00,13,,0,0,6782.0,1,1,0
d760ad13-c7d2-4121-bf98-a74fed8742ce,9654,10:23:00,10:23:00,14,,0,0,7471.0,1,1,1
d760ad13-c7d2-4121-bf98-a74fed8742ce,9647,10:25:00,10:25:00,15,,0,0,8476.0,1,1,0
d760ad13-c7d2-4121-bf98-a74fed8742ce,9619,10:26:00,10:26:00,16,,0,0,9016.0,1,1,0
d760ad13-c7d2-4121-bf98-a74fed8742ce,9623,10:30:00,10:30:00,17,,0,0,10355.0,1,1,0
d760ad13-c7d2-4121-bf98-a74fed8742ce,9625,10:31:00,10:31:00,18,,0,0,10960.0,1,1,0
d760ad13-c7d2-4121-bf98-a74fed8742ce,9618,10:33:00,10:33:00,19,,0,0,11527.0,1,1,1
d760ad13-c7d2-4121-bf98-a74fed8742ce,9626,10:34:00,10:34:00,20,,0,0,11795.0,1,1,0
d760ad13-c7d2-4121-bf98-a74fed8742ce,9615,10:35:00,10:35:00,21,,0,0,12233.0,1,1,0
d760ad13-c7d2-4121-bf98-a74fed8742ce,9616,10:37:00,10:37:00,22,,0,0,13018.0,1,1,0
d760ad13-c7d2-4121-bf98-a74fed8742ce,9621,10:39:00,10:39:00,23,,0,0,13943.0,1,1,0
d760ad13-c7d2-4121-bf98-a74fed8742ce,9607,10:40:00,10:40:00,24,,0,0,14322.0,1,1,1
d760ad13-c7d2-4121-bf98-a74fed8742ce,9609,10:41:00,10:41:00,25,,0,0,14916.0,1,1,0
d760ad13-c7d2-4121-bf98-a74fed8742ce,9633,10:47:00,10:47:00,26,,0,0,15702.0,1,1,1
d760ad13-c7d2-4121-bf98-a74fed8742ce,9648,10:49:00,10:49:00,27,,0,0,16261.0,1,1,0
d760ad13-c7d2-4121-bf98-a74fed8742ce,9651,10:50:00,10:50:00,28,,0,0,16487.0,1,1,0
d760ad13-c7d2-4121-bf98-a74fed8742ce,9640,10:53:00,10:53:00,29,,0,0,17423.0,1,1,1
d760ad13-c7d2-4121-bf98-a74fed8742ce,9605,10:54:00,10:54:00,30,,0,0,18290.0,1,1,0
d760ad13-c7d2-4121-bf98-a74fed8742ce,9604,10:55:00,10:55:00,31,,0,0,18740.0,1,1,0
d760ad13-c7d2-4121-bf98-a74fed8742ce,9601,10:58:00,10:58:00,32,,1,0,19240.0,1,1,0
6c147f3b-d714-4b2d-8ef9-c67430540b39,9602,09:35:00,09:35:00,1,,0,0,0.0,1,1,1
6c147f3b-d714-4b2d-8ef9-c67430540b39,9603,09:36:00,09:36:00,2,,0,0,782.0,1,1,0
6c147f3b-d714-4b2d-8ef9-c67430540b39,9611,09:38:00,09:38:00,3,,0,0,1458.0,1,1,0
6c147f3b-d714-4b2d-8ef9-c67430540b39,9634,09:39:00,09:39:00,4,,0,0,1778.0,1,1,0
6c147f3b-d714-4b2d-8ef9-c67430540b39,9638,09:40:00,09:40:00,5,,0,0,2089.0,1,1,0
6c147f3b-d714-4b2d-8ef9-c67430540b39,9636,09:43:00,09:43:00,6,,0,0,2719.0,1,1,1
6c147f3b-d714-4b2d-8ef9-c67430540b39,9613,09:44:00,09:44:00,7,,0,0,3159.0,1,1,0
6c147f3b-d714-4b2d-8ef9-c67430540b39,9631,09:45:00,09:45:00,8,,0,0,3817.0,1,1,0
6c147f3b-d714-4b2d-8ef9-c67430540b39,9644,09:46:00,09:46:00,9,,0,0,4156.0,1,1,0
6c147f3b-d714-4b2d-8ef9-c67430540b39,9629,09:47:00,09:47:00,10,,0,0,4952.0,1,1,0
6c147f3b-d714-4b2d-8ef9-c67430540b39,9627,09:49:00,09:49:00,11,,0,0,5583.0,1,1,1
6c147f3b-d714-4b2d-8ef9-c67430540b39,9657,09:50:00,09:50:00,12,,0,0,6228.0,1,1,0
6c147f3b-d714-4b2d-8ef9-c67430540b39,9652,09:51:00,09:51:00,13,,0,0,6782.0,1,1,0
6c147f3b-d714-4b2d-8ef9-c67430540b39,9654,09:53:00,09:53:00,14,,0,0,7471.0,1,1,1
6c147f3b-d714-4b2d-8ef9-c67430540b39,9647,09:55:00,09:55:00,15,,0,0,8476.0,1,1,0
6c147f3b-d714-4b2d-8ef9-c67430540b39,9619,09:56:00,09:56:00,16,,0,0,9016.0,1,1,0
6c147f3b-d714-4b2d-8ef9-c67430540b39,9623,09:59:00,09:59:00,17,,0,0,10355.0,1,1,0
6c147f3b-d714-4b2d-8ef9-c67430540b39,9625,10:01:00,10:01:00,18,,0,0,10960.0,1,1,0
6c147f3b-d714-4b2d-8ef9-c67430540b39,9618,10:03:00,10:03:00,19,,0,0,11527.0,1,1,1
6c147f3b-d714-4b2d-8ef9-c67430540b39,9626,10:04:00,10:04:00,20,,0,0,11795.0,1,1,0
6c147f3b-d714-4b2d-8ef9-c67430540b39,9615,10:05:00,10:05:00,21,,0,0,12233.0,1,1,0
6c147f3b-d714-4b2d-8ef9-c67430540b39,9616,10:06:00,10:06:00,22,,0,0,13018.0,1,1,0
6c147f3b-d714-4b2d-8ef9-c67430540b39,9621,10:08:00,10:08:00,23,,0,0,13943.0,1,1,0
6c147f3b-d714-4b2d-8ef9-c67430540b39,9607,10:09:00,10:09:00,24,,0,0,14322.0,1,1,1
6c147f3b-d714-4b2d-8ef9-c67430540b39,9609,10:10:00,10:10:00,25,,0,0,14916.0,1,1,0
6c147f3b-d714-4b2d-8ef9-c67430540b39,9633,10:15:00,10:15:00,26,,0,0,15702.0,1,1,1
6c147f3b-d714-4b2d-8ef9-c67430540b39,9648,10:16:00,10:16:00,27,,0,0,16261.0,1,1,0
6c147f3b-d714-4b2d-8ef9-c67430540b39,9651,10:17:00,10:17:00,28,,0,0,16487.0,1,1,0
6c147f3b-d714-4b2d-8ef9-c67430540b39,9640,10:20:00,10:20:00,29,,0,0,17423.0,1,1,1
6c147f3b-d714-4b2d-8ef9-c67430540b39,9605,10:21:00,10:21:00,30,,0,0,18290.0,1,1,0
6c147f3b-d714-4b2d-8ef9-c67430540b39,9604,10:22:00,10:22:00,31,,0,0,18740.0,1,1,0
6c147f3b-d714-4b2d-8ef9-c67430540b39,9601,10:27:00,10:27:00,32,,1,0,19240.0,1,1,0
02c09b2b-5918-459f-9dbe-90043325e01b,9602,09:05:00,09:05:00,1,,0,0,0.0,1,1,1
02c09b2b-5918-459f-9dbe-90043325e01b,9603,09:06:00,09:06:00,2,,0,0,782.0,1,1,0
02c09b2b-5918-459f-9dbe-90043325e01b,9611,09:08:00,09:08:00,3,,0,0,1458.0,1,1,0
02c09b2b-5918-459f-9dbe-90043325e01b,9634,09:09:00,09:09:00,4,,0,0,1778.0,1,1,0
02c09b2b-5918-459f-9dbe-90043325e01b,9638,09:10:00,09:10:00,5,,0,0,2089.0,1,1,0
02c09b2b-5918-459f-9dbe-90043325e01b,9636,09:13:00,09:13:00,6,,0,0,2719.0,1,1,1
02c09b2b-5918-459f-9dbe-90043325e01b,9613,09:14:00,09:14:00,7,,0,0,3159.0,1,1,0
02c09b2b-5918-459f-9dbe-90043325e01b,9631,09:15:00,09:15:00,8,,0,0,3817.0,1,1,0
02c09b2b-5918-459f-9dbe-90043325e01b,9644,09:16:00,09:16:00,9,,0,0,4156.0,1,1,0
02c09b2b-5918-459f-9dbe-90043325e01b,9629,09:17:00,09:17:00,10,,0,0,4952.0,1,1,0
02c09b2b-5918-459f-9dbe-90043325e01b,9627,09:19:00,09:19:00,11,,0,0,5583.0,1,1,1
02c09b2b-5918-459f-9dbe-90043325e01b,9657,09:20:00,09:20:00,12,,0,0,6228.0,1,1,0
02c09b2b-5918-459f-9dbe-90043325e01b,9652,09:21:00,09:21:00,13,,0,0,6782.0,1,1,0
02c09b2b-5918-459f-9dbe-90043325e01b,9654,09:24:00,09:24:00,14,,0,0,7471.0,1,1,1
02c09b2b-5918-459f-9dbe-90043325e01b,9647,09:26:00,09:26:00,15,,0,0,8476.0,1,1,0
02c09b2b-5918-459f-9dbe-90043325e01b,9619,09:27:00,09:27:00,16,,0,0,9016.0,1,1,0
02c09b2b-5918-459f-9dbe-90043325e01b,9623,09:30:00,09:30:00,17,,0,0,10355.0,1,1,0
02c09b2b-5918-459f-9dbe-90043325e01b,9625,09:33:00,09:33:00,18,,0,0,10960.0,1,1,0
02c09b2b-5918-459f-9dbe-90043325e01b,9618,09:36:00,09:36:00,19,,0,0,11527.0,1,1,1
02c09b2b-5918-459f-9dbe-90043325e01b,9626,09:37:00,09:37:00,20,,0,0,11795.0,1,1,0
02c09b2b-5918-459f-9dbe-90043325e01b,9615,09:39:00,09:39:00,21,,0,0,12233.0,1,1,0
02c09b2b-5918-459f-9dbe-90043325e01b,9616,09:40:00,09:40:00,22,,0,0,13018.0,1,1,0
02c09b2b-5918-459f-9dbe-90043325e01b,9621,09:42:00,09:42:00,23,,0,0,13943.0,1,1,0
02c09b2b-5918-459f-9dbe-90043325e01b,9607,09:43:00,09:43:00,24,,0,0,14322.0,1,1,1
02c09b2b-5918-459f-9dbe-90043325e01b,9609,09:44:00,09:44:00,25,,0,0,14916.0,1,1,0
02c09b2b-5918-459f-9dbe-90043325e01b,9633,09:50:00,09:50:00,26,,0,0,15702.0,1,1,1
02c09b2b-5918-459f-9dbe-90043325e01b,9648,09:52:00,09:52:00,27,,0,0,16261.0,1,1,0
02c09b2b-5918-459f-9dbe-90043325e01b,9651,09:53:00,09:53:00,28,,0,0,16487.0,1,1,0
02c09b2b-5918-459f-9dbe-90043325e01b,9640,09:56:00,09:56:00,29,,0,0,17423.0,1,1,1
02c09b2b-5918-459f-9dbe-90043325e01b,9605,09:57:00,09:57:00,30,,0,0,18290.0,1,1,0
02c09b2b-5918-459f-9dbe-90043325e01b,9604,09:58:00,09:58:00,31,,0,0,18740.0,1,1,0
02c09b2b-5918-459f-9dbe-90043325e01b,9601,10:00:00,10:00:00,32,,1,0,19240.0,1,1,0
c7b28a67-5997-4d20-a389-1a9cd9a7f36f,9602,08:35:00,08:35:00,1,,0,0,0.0,1,1,1
c7b28a67-5997-4d20-a389-1a9cd9a7f36f,9603,08:36:00,08:36:00,2,,0,0,782.0,1,1,0
c7b28a67-5997-4d20-a389-1a9cd9a7f36f,9611,08:38:00,08:38:00,3,,0,0,1458.0,1,1,0
c7b28a67-5997-4d20-a389-1a9cd9a7f36f,9634,08:40:00,08:40:00,4,,0,0,1778.0,1,1,0
c7b28a67-5997-4d20-a389-1a9cd9a7f36f,9638,08:41:00,08:41:00,5,,0,0,2089.0,1,1,0
c7b28a67-5997-4d20-a389-1a9cd9a7f36f,9636,08:44:00,08:44:00,6,,0,0,2719.0,1,1,1
c7b28a67-5997-4d20-a389-1a9cd9a7f36f,9613,08:45:00,08:45:00,7,,0,0,3159.0,1,1,0
c7b28a67-5997-4d20-a389-1a9cd9a7f36f,9631,08:46:00,08:46:00,8,,0,0,3817.0,1,1,0
c7b28a67-5997-4d20-a389-1a9cd9a7f36f,9644,08:47:00,08:47:00,9,,0,0,4156.0,1,1,0
c7b28a67-5997-4d20-a389-1a9cd9a7f36f,9629,08:48:00,08:48:00,10,,0,0,4952.0,1,1,0
c7b28a67-5997-4d20-a389-1a9cd9a7f36f,9627,08:50:00,08:50:00,11,,0,0,5583.0,1,1,1
c7b28a67-5997-4d20-a389-1a9cd9a7f36f,9657,08:51:00,08:51:00,12,,0,0,6228.0,1,1,0
c7b28a67-5997-4d20-a389-1a9cd9a7f36f,9652,08:52:00,08:52:00,13,,0,0,6782.0,1,1,0
c7b28a67-5997-4d20-a389-1a9cd9a7f36f,9654,08:54:00,08:54:00,14,,0,0,7471.0,1,1,1
c7b28a67-5997-4d20-a389-1a9cd9a7f36f,9647,08:56:00,08:56:00,15,,0,0,8476.0,1,1,0
c7b28a67-5997-4d20-a389-1a9cd9a7f36f,9619,08:57:00,08:57:00,16,,0,0,9016.0,1,1,0
c7b28a67-5997-4d20-a389-1a9cd9a7f36f,9623,09:00:00,09:00:00,17,,0,0,10355.0,1,1,0
c7b28a67-5997-4d20-a389-1a9cd9a7f36f,9625,09:04:00,09:04:00,18,,0,0,10960.0,1,1,0
c7b28a67-5997-4d20-a389-1a9cd9a7f36f,9618,09:07:00,09:07:00,19,,0,0,11527.0,1,1,1
c7b28a67-5997-4d20-a389-1a9cd9a7f36f,9626,09:08:00,09:08:00,20,,0,0,11795.0,1,1,0
c7b28a67-5997-4d20-a389-1a9cd9a7f36f,9615,09:09:00,09:09:00,21,,0,0,12233.0,1,1,0
c7b28a67-5997-4d20-a389-1a9cd9a7f36f,9616,09:10:00,09:10:00,22,,0,0,13018.0,1,1,0
c7b28a67-5997-4d20-a389-1a9cd9a7f36f,9621,09:11:00,09:11:00,23,,0,0,13943.0,1,1,0
c7b28a67-5997-4d20-a389-1a9cd9a7f36f,9607,09:12:00,09:12:00,24,,0,0,14322.0,1,1,1
c7b28a67-5997-4d20-a389-1a9cd9a7f36f,9609,09:14:00,09:14:00,25,,0,0,14916.0,1,1,0
c7b28a67-5997-4d20-a389-1a9cd9a7f36f,9633,09:20:00,09:20:00,26,,0,0,15702.0,1,1,1
c7b28a67-5997-4d20-a389-1a9cd9a7f36f,9648,09:22:00,09:22:00,27,,0,0,16261.0,1,1,0
c7b28a67-5997-4d20-a389-1a9cd9a7f36f,9651,09:23:00,09:23:00,28,,0,0,16487.0,1,1,0
c7b28a67-5997-4d20-a389-1a9cd9a7f36f,9640,09:26:00,09:26:00,29,,0,0,17423.0,1,1,1
c7b28a67-5997-4d20-a389-1a9cd9a7f36f,9605,09:27:00,09:27:00,30,,0,0,18290.0,1,1,0
c7b28a67-5997-4d20-a389-1a9cd9a7f36f,9604,09:28:00,09:28:00,31,,0,0,18740.0,1,1,0
c7b28a67-5997-4d20-a389-1a9cd9a7f36f,9601,09:30:00,09:30:00,32,,1,0,19240.0,1,1,0
52cd63ee-e21b-4372-bc08-7065062e6dea,9602,08:00:00,08:00:00,1,,0,0,0.0,1,1,1
52cd63ee-e21b-4372-bc08-7065062e6dea,9603,08:01:00,08:01:00,2,,0,0,782.0,1,1,0
52cd63ee-e21b-4372-bc08-7065062e6dea,9611,08:03:00,08:03:00,3,,0,0,1458.0,1,1,0
52cd63ee-e21b-4372-bc08-7065062e6dea,9634,08:05:00,08:05:00,4,,0,0,1778.0,1,1,0
52cd63ee-e21b-4372-bc08-7065062e6dea,9638,08:06:00,08:06:00,5,,0,0,2089.0,1,1,0
52cd63ee-e21b-4372-bc08-7065062e6dea,9636,08:09:00,08:09:00,6,,0,0,2719.0,1,1,1
52cd63ee-e21b-4372-bc08-7065062e6dea,9613,08:10:00,08:10:00,7,,0,0,3159.0,1,1,0
52cd63ee-e21b-4372-bc08-7065062e6dea,9631,08:11:00,08:11:00,8,,0,0,3817.0,1,1,0
52cd63ee-e21b-4372-bc08-7065062e6dea,9644,08:12:00,08:12:00,9,,0,0,4156.0,1,1,0
52cd63ee-e21b-4372-bc08-7065062e6dea,9629,08:13:00,08:13:00,10,,0,0,4952.0,1,1,0
52cd63ee-e21b-4372-bc08-7065062e6dea,9627,08:16:00,08:16:00,11,,0,0,5583.0,1,1,1
52cd63ee-e21b-4372-bc08-7065062e6dea,9657,08:17:00,08:17:00,12,,0,0,6228.0,1,1,0
52cd63ee-e21b-4372-bc08-7065062e6dea,9652,08:18:00,08:18:00,13,,0,0,6782.0,1,1,0
52cd63ee-e21b-4372-bc08-7065062e6dea,9654,08:20:00,08:20:00,14,,0,0,7471.0,1,1,1
52cd63ee-e21b-4372-bc08-7065062e6dea,9647,08:22:00,08:22:00,15,,0,0,8476.0,1,1,0
52cd63ee-e21b-4372-bc08-7065062e6dea,9619,08:23:00,08:23:00,16,,0,0,9016.0,1,1,0
52cd63ee-e21b-4372-bc08-7065062e6dea,9623,08:28:00,08:28:00,17,,0,0,10355.0,1,1,0
52cd63ee-e21b-4372-bc08-7065062e6dea,9625,08:32:00,08:32:00,18,,0,0,10960.0,1,1,0
52cd63ee-e21b-4372-bc08-7065062e6dea,9618,08:34:00,08:34:00,19,,0,0,11527.0,1,1,1
52cd63ee-e21b-4372-bc08-7065062e6dea,9626,08:35:00,08:35:00,20,,0,0,11795.0,1,1,0
52cd63ee-e21b-4372-bc08-7065062e6dea,9615,08:37:00,08:37:00,21,,0,0,12233.0,1,1,0
52cd63ee-e21b-4372-bc08-7065062e6dea,9616,08:38:00,08:38:00,22,,0,0,13018.0,1,1,0
52cd63ee-e21b-4372-bc08-7065062e6dea,9621,08:40:00,08:40:00,23,,0,0,13943.0,1,1,0
52cd63ee-e21b-4372-bc08-7065062e6dea,9607,08:41:00,08:41:00,24,,0,0,14322.0,1,1,1
52cd63ee-e21b-4372-bc08-7065062e6dea,9609,08:42:00,08:42:00,25,,0,0,14916.0,1,1,0
52cd63ee-e21b-4372-bc08-7065062e6dea,9633,08:48:00,08:48:00,26,,0,0,15702.0,1,1,1
52cd63ee-e21b-4372-bc08-7065062e6dea,9648,08:50:00,08:50:00,27,,0,0,16261.0,1,1,0
52cd63ee-e21b-4372-bc08-7065062e6dea,9651,08:51:00,08:51:00,28,,0,0,16487.0,1,1,0
52cd63ee-e21b-4372-bc08-7065062e6dea,9640,08:54:00,08:54:00,29,,0,0,17423.0,1,1,1
52cd63ee-e21b-4372-bc08-7065062e6dea,9605,08:55:00,08:55:00,30,,0,0,18290.0,1,1,0
52cd63ee-e21b-4372-bc08-7065062e6dea,9604,08:56:00,08:56:00,31,,0,0,18740.0,1,1,0
52cd63ee-e21b-4372-bc08-7065062e6dea,9601,09:00:00,09:00:00,32,,1,0,19240.0,1,1,0
0f1cd938-ffe9-41f7-b324-adb818e45786,9602,07:30:00,07:30:00,1,,0,0,0.0,1,1,1
0f1cd938-ffe9-41f7-b324-adb818e45786,9603,07:32:00,07:32:00,2,,0,0,782.0,1,1,0
0f1cd938-ffe9-41f7-b324-adb818e45786,9611,07:34:00,07:34:00,3,,0,0,1458.0,1,1,0
0f1cd938-ffe9-41f7-b324-adb818e45786,9634,07:36:00,07:36:00,4,,0,0,1778.0,1,1,0
0f1cd938-ffe9-41f7-b324-adb818e45786,9638,07:37:00,07:37:00,5,,0,0,2089.0,1,1,0
0f1cd938-ffe9-41f7-b324-adb818e45786,9636,07:40:00,07:40:00,6,,0,0,2719.0,1,1,1
0f1cd938-ffe9-41f7-b324-adb818e45786,9613,07:41:00,07:41:00,7,,0,0,3159.0,1,1,0
0f1cd938-ffe9-41f7-b324-adb818e45786,9631,07:42:00,07:42:00,8,,0,0,3817.0,1,1,0
0f1cd938-ffe9-41f7-b324-adb818e45786,9644,07:43:00,07:43:00,9,,0,0,4156.0,1,1,0
0f1cd938-ffe9-41f7-b324-adb818e45786,9629,07:44:00,07:44:00,10,,0,0,4952.0,1,1,0
0f1cd938-ffe9-41f7-b324-adb818e45786,9627,07:46:00,07:46:00,11,,0,0,5583.0,1,1,1
0f1cd938-ffe9-41f7-b324-adb818e45786,9657,07:47:00,07:47:00,12,,0,0,6228.0,1,1,0
0f1cd938-ffe9-41f7-b324-adb818e45786,9652,07:48:00,07:48:00,13,,0,0,6782.0,1,1,0
0f1cd938-ffe9-41f7-b324-adb818e45786,9654,07:51:00,07:51:00,14,,0,0,7471.0,1,1,1
0f1cd938-ffe9-41f7-b324-adb818e45786,9647,07:53:00,07:53:00,15,,0,0,8476.0,1,1,0
0f1cd938-ffe9-41f7-b324-adb818e45786,9619,07:54:00,07:54:00,16,,0,0,9016.0,1,1,0
0f1cd938-ffe9-41f7-b324-adb818e45786,9623,07:59:00,07:59:00,17,,0,0,10355.0,1,1,0
0f1cd938-ffe9-41f7-b324-adb818e45786,9625,08:03:00,08:03:00,18,,0,0,10960.0,1,1,0
0f1cd938-ffe9-41f7-b324-adb818e45786,9618,08:05:00,08:05:00,19,,0,0,11527.0,1,1,1
0f1cd938-ffe9-41f7-b324-adb818e45786,9626,08:06:00,08:06:00,20,,0,0,11795.0,1,1,0
0f1cd938-ffe9-41f7-b324-adb818e45786,9615,08:08:00,08:08:00,21,,0,0,12233.0,1,1,0
0f1cd938-ffe9-41f7-b324-adb818e45786,9616,08:09:00,08:09:00,22,,0,0,13018.0,1,1,0
0f1cd938-ffe9-41f7-b324-adb818e45786,9621,08:11:00,08:11:00,23,,0,0,13943.0,1,1,0
0f1cd938-ffe9-41f7-b324-adb818e45786,9607,08:12:00,08:12:00,24,,0,0,14322.0,1,1,1
0f1cd938-ffe9-41f7-b324-adb818e45786,9609,08:13:00,08:13:00,25,,0,0,14916.0,1,1,0
0f1cd938-ffe9-41f7-b324-adb818e45786,9633,08:20:00,08:20:00,26,,0,0,15702.0,1,1,1
0f1cd938-ffe9-41f7-b324-adb818e45786,9648,08:22:00,08:22:00,27,,0,0,16261.0,1,1,0
0f1cd938-ffe9-41f7-b324-adb818e45786,9651,08:23:00,08:23:00,28,,0,0,16487.0,1,1,0
0f1cd938-ffe9-41f7-b324-adb818e45786,9640,08:26:00,08:26:00,29,,0,0,17423.0,1,1,1
0f1cd938-ffe9-41f7-b324-adb818e45786,9605,08:27:00,08:27:00,30,,0,0,18290.0,1,1,0
0f1cd938-ffe9-41f7-b324-adb818e45786,9604,08:28:00,08:28:00,31,,0,0,18740.0,1,1,0
0f1cd938-ffe9-41f7-b324-adb818e45786,9601,08:30:00,08:30:00,32,,1,0,19240.0,1,1,0
b3e8fe5a-86d8-4cf2-b111-a0e1c1d73f37,9602,07:00:00,07:00:00,1,,0,0,0.0,1,1,1
b3e8fe5a-86d8-4cf2-b111-a0e1c1d73f37,9603,07:01:00,07:01:00,2,,0,0,782.0,1,1,0
b3e8fe5a-86d8-4cf2-b111-a0e1c1d73f37,9611,07:03:00,07:03:00,3,,0,0,1458.0,1,1,0
b3e8fe5a-86d8-4cf2-b111-a0e1c1d73f37,9634,07:05:00,07:05:00,4,,0,0,1778.0,1,1,0
b3e8fe5a-86d8-4cf2-b111-a0e1c1d73f37,9638,07:06:00,07:06:00,5,,0,0,2089.0,1,1,0
b3e8fe5a-86d8-4cf2-b111-a0e1c1d73f37,9636,07:09:00,07:09:00,6,,0,0,2719.0,1,1,1
b3e8fe5a-86d8-4cf2-b111-a0e1c1d73f37,9613,07:10:00,07:10:00,7,,0,0,3159.0,1,1,0
b3e8fe5a-86d8-4cf2-b111-a0e1c1d73f37,9631,07:11:00,07:11:00,8,,0,0,3817.0,1,1,0
b3e8fe5a-86d8-4cf2-b111-a0e1c1d73f37,9644,07:12:00,07:12:00,9,,0,0,4156.0,1,1,0
b3e8fe5a-86d8-4cf2-b111-a0e1c1d73f37,9629,07:13:00,07:13:00,10,,0,0,4952.0,1,1,0
b3e8fe5a-86d8-4cf2-b111-a0e1c1d73f37,9627,07:15:00,07:15:00,11,,0,0,5583.0,1,1,1
b3e8fe5a-86d8-4cf2-b111-a0e1c1d73f37,9657,07:16:00,07:16:00,12,,0,0,6228.0,1,1,0
b3e8fe5a-86d8-4cf2-b111-a0e1c1d73f37,9652,07:17:00,07:17:00,13,,0,0,6782.0,1,1,0
b3e8fe5a-86d8-4cf2-b111-a0e1c1d73f37,9654,07:20:00,07:20:00,14,,0,0,7471.0,1,1,1
b3e8fe5a-86d8-4cf2-b111-a0e1c1d73f37,9647,07:22:00,07:22:00,15,,0,0,8476.0,1,1,0
b3e8fe5a-86d8-4cf2-b111-a0e1c1d73f37,9619,07:23:00,07:23:00,16,,0,0,9016.0,1,1,0
b3e8fe5a-86d8-4cf2-b111-a0e1c1d73f37,9623,07:26:00,07:26:00,17,,0,0,10355.0,1,1,0
b3e8fe5a-86d8-4cf2-b111-a0e1c1d73f37,9625,07:28:00,07:28:00,18,,0,0,10960.0,1,1,0
b3e8fe5a-86d8-4cf2-b111-a0e1c1d73f37,9618,07:31:00,07:31:00,19,,0,0,11527.0,1,1,1
b3e8fe5a-86d8-4cf2-b111-a0e1c1d73f37,9626,07:32:00,07:32:00,20,,0,0,11795.0,1,1,0
b3e8fe5a-86d8-4cf2-b111-a0e1c1d73f37,9615,07:34:00,07:34:00,21,,0,0,12233.0,1,1,0
b3e8fe5a-86d8-4cf2-b111-a0e1c1d73f37,9616,07:35:00,07:35:00,22,,0,0,13018.0,1,1,0
b3e8fe5a-86d8-4cf2-b111-a0e1c1d73f37,9621,07:37:00,07:37:00,23,,0,0,13943.0,1,1,0
b3e8fe5a-86d8-4cf2-b111-a0e1c1d73f37,9607,07:38:00,07:38:00,24,,0,0,14322.0,1,1,1
b3e8fe5a-86d8-4cf2-b111-a0e1c1d73f37,9609,07:40:00,07:40:00,25,,0,0,14916.0,1,1,0
b3e8fe5a-86d8-4cf2-b111-a0e1c1d73f37,9633,07:45:00,07:45:00,26,,0,0,15702.0,1,1,1
b3e8fe5a-86d8-4cf2-b111-a0e1c1d73f37,9648,07:47:00,07:47:00,27,,0,0,16261.0,1,1,0
b3e8fe5a-86d8-4cf2-b111-a0e1c1d73f37,9651,07:48:00,07:48:00,28,,0,0,16487.0,1,1,0
b3e8fe5a-86d8-4cf2-b111-a0e1c1d73f37,9640,07:51:00,07:51:00,29,,0,0,17423.0,1,1,1
b3e8fe5a-86d8-4cf2-b111-a0e1c1d73f37,9605,07:53:00,07:53:00,30,,0,0,18290.0,1,1,0
b3e8fe5a-86d8-4cf2-b111-a0e1c1d73f37,9604,07:54:00,07:54:00,31,,0,0,18740.0,1,1,0
b3e8fe5a-86d8-4cf2-b111-a0e1c1d73f37,9601,07:55:00,07:55:00,32,,1,0,19240.0,1,1,0
01415890-3acc-4c3e-9748-e2dbb5c488b7,9602,15:45:00,15:45:00,1,,0,0,0.0,1,1,1
01415890-3acc-4c3e-9748-e2dbb5c488b7,9603,15:46:00,15:46:00,2,,0,0,782.0,1,1,0
01415890-3acc-4c3e-9748-e2dbb5c488b7,9611,15:48:00,15:48:00,3,,0,0,1458.0,1,1,0
01415890-3acc-4c3e-9748-e2dbb5c488b7,9634,15:50:00,15:50:00,4,,0,0,1778.0,1,1,0
01415890-3acc-4c3e-9748-e2dbb5c488b7,9638,15:51:00,15:51:00,5,,0,0,2089.0,1,1,0
01415890-3acc-4c3e-9748-e2dbb5c488b7,9636,15:55:00,15:55:00,6,,0,0,2719.0,1,1,1
01415890-3acc-4c3e-9748-e2dbb5c488b7,9613,15:56:00,15:56:00,7,,0,0,3159.0,1,1,0
01415890-3acc-4c3e-9748-e2dbb5c488b7,9631,15:57:00,15:57:00,8,,0,0,3817.0,1,1,0
01415890-3acc-4c3e-9748-e2dbb5c488b7,9644,15:58:00,15:58:00,9,,0,0,4156.0,1,1,0
01415890-3acc-4c3e-9748-e2dbb5c488b7,9629,15:59:00,15:59:00,10,,0,0,4952.0,1,1,0
01415890-3acc-4c3e-9748-e2dbb5c488b7,9627,16:02:00,16:02:00,11,,0,0,5583.0,1,1,1
01415890-3acc-4c3e-9748-e2dbb5c488b7,9657,16:03:00,16:03:00,12,,0,0,6228.0,1,1,0
01415890-3acc-4c3e-9748-e2dbb5c488b7,9652,16:04:00,16:04:00,13,,0,0,6782.0,1,1,0
01415890-3acc-4c3e-9748-e2dbb5c488b7,9654,16:06:00,16:06:00,14,,0,0,7471.0,1,1,1
01415890-3acc-4c3e-9748-e2dbb5c488b7,9647,16:08:00,16:08:00,15,,0,0,8476.0,1,1,0
01415890-3acc-4c3e-9748-e2dbb5c488b7,9619,16:09:00,16:09:00,16,,0,0,9016.0,1,1,0
01415890-3acc-4c3e-9748-e2dbb5c488b7,9623,16:13:00,16:13:00,17,,0,0,10355.0,1,1,0
01415890-3acc-4c3e-9748-e2dbb5c488b7,9625,16:15:00,16:15:00,18,,0,0,10960.0,1,1,0
01415890-3acc-4c3e-9748-e2dbb5c488b7,9618,16:18:00,16:18:00,19,,0,0,11527.0,1,1,1
01415890-3acc-4c3e-9748-e2dbb5c488b7,9626,16:19:00,16:19:00,20,,0,0,11795.0,1,1,0
01415890-3acc-4c3e-9748-e2dbb5c488b7,9615,16:21:00,16:21:00,21,,0,0,12233.0,1,1,0
01415890-3acc-4c3e-9748-e2dbb5c488b7,9616,16:22:00,16:22:00,22,,0,0,13018.0,1,1,0
01415890-3acc-4c3e-9748-e2dbb5c488b7,9621,16:24:00,16:24:00,23,,0,0,13943.0,1,1,0
01415890-3acc-4c3e-9748-e2dbb5c488b7,9607,16:25:00,16:25:00,24,,0,0,14322.0,1,1,1
01415890-3acc-4c3e-9748-e2dbb5c488b7,9609,16:26:00,16:26:00,25,,0,0,14916.0,1,1,0
01415890-3acc-4c3e-9748-e2dbb5c488b7,9633,16:31:00,16:31:00,26,,0,0,15702.0,1,1,1
01415890-3acc-4c3e-9748-e2dbb5c488b7,9648,16:33:00,16:33:00,27,,0,0,16261.0,1,1,0
01415890-3acc-4c3e-9748-e2dbb5c488b7,9651,16:34:00,16:34:00,28,,0,0,16487.0,1,1,0
01415890-3acc-4c3e-9748-e2dbb5c488b7,9640,16:37:00,16:37:00,29,,0,0,17423.0,1,1,1
01415890-3acc-4c3e-9748-e2dbb5c488b7,9605,16:38:00,16:38:00,30,,0,0,18290.0,1,1,0
01415890-3acc-4c3e-9748-e2dbb5c488b7,9604,16:39:00,16:39:00,31,,0,0,18740.0,1,1,0
01415890-3acc-4c3e-9748-e2dbb5c488b7,9601,16:43:00,16:43:00,32,,1,0,19240.0,1,1,0
d2c5b923-c010-4bae-b827-a633bd49d0f3,9602,15:10:00,15:10:00,1,,0,0,0.0,1,1,1
d2c5b923-c010-4bae-b827-a633bd49d0f3,9603,15:11:00,15:11:00,2,,0,0,782.0,1,1,0
d2c5b923-c010-4bae-b827-a633bd49d0f3,9611,15:13:00,15:13:00,3,,0,0,1458.0,1,1,0
d2c5b923-c010-4bae-b827-a633bd49d0f3,9634,15:15:00,15:15:00,4,,0,0,1778.0,1,1,0
d2c5b923-c010-4bae-b827-a633bd49d0f3,9638,15:16:00,15:16:00,5,,0,0,2089.0,1,1,0
d2c5b923-c010-4bae-b827-a633bd49d0f3,9636,15:19:00,15:19:00,6,,0,0,2719.0,1,1,1
d2c5b923-c010-4bae-b827-a633bd49d0f3,9613,15:20:00,15:20:00,7,,0,0,3159.0,1,1,0
d2c5b923-c010-4bae-b827-a633bd49d0f3,9631,15:21:00,15:21:00,8,,0,0,3817.0,1,1,0
d2c5b923-c010-4bae-b827-a633bd49d0f3,9644,15:22:00,15:22:00,9,,0,0,4156.0,1,1,0
d2c5b923-c010-4bae-b827-a633bd49d0f3,9629,15:23:00,15:23:00,10,,0,0,4952.0,1,1,0
d2c5b923-c010-4bae-b827-a633bd49d0f3,9627,15:26:00,15:26:00,11,,0,0,5583.0,1,1,1
d2c5b923-c010-4bae-b827-a633bd49d0f3,9657,15:27:00,15:27:00,12,,0,0,6228.0,1,1,0
d2c5b923-c010-4bae-b827-a633bd49d0f3,9652,15:28:00,15:28:00,13,,0,0,6782.0,1,1,0
d2c5b923-c010-4bae-b827-a633bd49d0f3,9654,15:30:00,15:30:00,14,,0,0,7471.0,1,1,1
d2c5b923-c010-4bae-b827-a633bd49d0f3,9647,15:32:00,15:32:00,15,,0,0,8476.0,1,1,0
d2c5b923-c010-4bae-b827-a633bd49d0f3,9619,15:33:00,15:33:00,16,,0,0,9016.0,1,1,0
d2c5b923-c010-4bae-b827-a633bd49d0f3,9623,15:37:00,15:37:00,17,,0,0,10355.0,1,1,0
d2c5b923-c010-4bae-b827-a633bd49d0f3,9625,15:39:00,15:39:00,18,,0,0,10960.0,1,1,0
d2c5b923-c010-4bae-b827-a633bd49d0f3,9618,15:42:00,15:42:00,19,,0,0,11527.0,1,1,1
d2c5b923-c010-4bae-b827-a633bd49d0f3,9626,15:44:00,15:44:00,20,,0,0,11795.0,1,1,0
d2c5b923-c010-4bae-b827-a633bd49d0f3,9615,15:47:00,15:47:00,21,,0,0,12233.0,1,1,0
d2c5b923-c010-4bae-b827-a633bd49d0f3,9616,15:48:00,15:48:00,22,,0,0,13018.0,1,1,0
d2c5b923-c010-4bae-b827-a633bd49d0f3,9621,15:50:00,15:50:00,23,,0,0,13943.0,1,1,0
d2c5b923-c010-4bae-b827-a633bd49d0f3,9607,15:51:00,15:51:00,24,,0,0,14322.0,1,1,1
d2c5b923-c010-4bae-b827-a633bd49d0f3,9609,15:53:00,15:53:00,25,,0,0,14916.0,1,1,0
d2c5b923-c010-4bae-b827-a633bd49d0f3,9633,15:58:00,15:58:00,26,,0,0,15702.0,1,1,1
d2c5b923-c010-4bae-b827-a633bd49d0f3,9648,16:00:00,16:00:00,27,,0,0,16261.0,1,1,0
d2c5b923-c010-4bae-b827-a633bd49d0f3,9651,16:01:00,16:01:00,28,,0,0,16487.0,1,1,0
d2c5b923-c010-4bae-b827-a633bd49d0f3,9640,16:04:00,16:04:00,29,,0,0,17423.0,1,1,1
d2c5b923-c010-4bae-b827-a633bd49d0f3,9605,16:06:00,16:06:00,30,,0,0,18290.0,1,1,0
d2c5b923-c010-4bae-b827-a633bd49d0f3,9604,16:07:00,16:07:00,31,,0,0,18740.0,1,1,0
d2c5b923-c010-4bae-b827-a633bd49d0f3,9601,16:09:00,16:09:00,32,,1,0,19240.0,1,1,0
b5d97fa5-e360-490a-ad22-e6c70ccf0180,9602,17:00:00,17:00:00,1,,0,0,0.0,1,1,1
b5d97fa5-e360-490a-ad22-e6c70ccf0180,9603,17:02:00,17:02:00,2,,0,0,783.0,1,1,0
b5d97fa5-e360-490a-ad22-e6c70ccf0180,9606,17:03:00,17:03:00,3,,0,0,1174.0,1,1,0
b5d97fa5-e360-490a-ad22-e6c70ccf0180,9641,17:06:00,17:06:00,4,,0,0,1911.0,1,1,1
b5d97fa5-e360-490a-ad22-e6c70ccf0180,9650,17:07:00,17:07:00,5,,0,0,2475.0,1,1,0
b5d97fa5-e360-490a-ad22-e6c70ccf0180,9649,17:09:00,17:09:00,6,,0,0,3175.0,1,1,0
b5d97fa5-e360-490a-ad22-e6c70ccf0180,9633,17:14:00,17:14:00,7,,0,0,3684.0,1,1,1
b5d97fa5-e360-490a-ad22-e6c70ccf0180,9610,17:16:00,17:16:00,8,,0,0,4539.0,1,1,0
b5d97fa5-e360-490a-ad22-e6c70ccf0180,9658,17:17:00,17:17:00,9,,0,0,4865.0,1,1,0
b5d97fa5-e360-490a-ad22-e6c70ccf0180,9608,17:19:00,17:19:00,10,,0,0,5097.0,1,1,1
b5d97fa5-e360-490a-ad22-e6c70ccf0180,9622,17:20:00,17:20:00,11,,0,0,5357.0,1,1,0
b5d97fa5-e360-490a-ad22-e6c70ccf0180,9617,17:22:00,17:22:00,12,,0,0,6524.0,1,1,0
b5d97fa5-e360-490a-ad22-e6c70ccf0180,9625,17:23:00,17:23:00,13,,0,0,7316.0,1,1,0
b5d97fa5-e360-490a-ad22-e6c70ccf0180,9618,17:26:00,17:26:00,14,,0,0,7884.0,1,1,1
b5d97fa5-e360-490a-ad22-e6c70ccf0180,9626,17:27:00,17:27:00,15,,0,0,8148.0,1,1,0
b5d97fa5-e360-490a-ad22-e6c70ccf0180,9624,17:29:00,17:29:00,16,,0,0,9197.0,1,1,0
b5d97fa5-e360-490a-ad22-e6c70ccf0180,9620,17:31:00,17:31:00,17,,0,0,10392.0,1,1,0
b5d97fa5-e360-490a-ad22-e6c70ccf0180,9646,17:32:00,17:32:00,18,,0,0,11057.0,1,1,0
b5d97fa5-e360-490a-ad22-e6c70ccf0180,9655,17:35:00,17:35:00,19,,0,0,11962.0,1,1,1
b5d97fa5-e360-490a-ad22-e6c70ccf0180,9653,17:36:00,17:36:00,20,,0,0,12649.0,1,1,0
b5d97fa5-e360-490a-ad22-e6c70ccf0180,9656,17:37:00,17:37:00,21,,0,0,13225.0,1,1,0
b5d97fa5-e360-490a-ad22-e6c70ccf0180,9628,17:40:00,17:40:00,22,,0,0,13958.0,1,1,1
b5d97fa5-e360-490a-ad22-e6c70ccf0180,9630,17:41:00,17:41:00,23,,0,0,14604.0,1,1,0
b5d97fa5-e360-490a-ad22-e6c70ccf0180,9643,17:42:00,17:42:00,24,,0,0,15454.0,1,1,0
b5d97fa5-e360-490a-ad22-e6c70ccf0180,9645,17:45:00,17:45:00,25,,0,0,17195.0,1,1,0
b5d97fa5-e360-490a-ad22-e6c70ccf0180,9642,17:47:00,17:47:00,26,,0,0,18205.0,1,1,0
b5d97fa5-e360-490a-ad22-e6c70ccf0180,9632,17:48:00,17:48:00,27,,0,0,18500.0,1,1,0
b5d97fa5-e360-490a-ad22-e6c70ccf0180,9614,17:49:00,17:49:00,28,,0,0,19072.0,1,1,0
b5d97fa5-e360-490a-ad22-e6c70ccf0180,9637,17:52:00,17:52:00,29,,0,0,19620.0,1,1,1
b5d97fa5-e360-490a-ad22-e6c70ccf0180,9639,17:53:00,17:53:00,30,,0,0,20164.0,1,1,0
b5d97fa5-e360-490a-ad22-e6c70ccf0180,9635,17:54:00,17:54:00,31,,0,0,20513.0,1,1,0
b5d97fa5-e360-490a-ad22-e6c70ccf0180,9612,17:55:00,17:55:00,32,,0,0,20851.0,1,1,0
b5d97fa5-e360-490a-ad22-e6c70ccf0180,9605,17:56:00,17:56:00,33,,0,0,21151.0,1,1,0
b5d97fa5-e360-490a-ad22-e6c70ccf0180,9604,17:57:00,17:57:00,34,,0,0,21600.0,1,1,0
b5d97fa5-e360-490a-ad22-e6c70ccf0180,9601,18:00:00,18:00:00,35,,1,0,22096.0,1,1,0
6029c9df-f49f-4af7-b498-ae74b0ef10fa,9602,15:50:00,15:50:00,1,,0,0,0.0,1,1,1
6029c9df-f49f-4af7-b498-ae74b0ef10fa,9603,15:52:00,15:52:00,2,,0,0,783.0,1,1,0
6029c9df-f49f-4af7-b498-ae74b0ef10fa,9606,15:53:00,15:53:00,3,,0,0,1174.0,1,1,0
6029c9df-f49f-4af7-b498-ae74b0ef10fa,9641,15:56:00,15:56:00,4,,0,0,1911.0,1,1,1
6029c9df-f49f-4af7-b498-ae74b0ef10fa,9650,15:57:00,15:57:00,5,,0,0,2475.0,1,1,0
6029c9df-f49f-4af7-b498-ae74b0ef10fa,9649,15:59:00,15:59:00,6,,0,0,3175.0,1,1,0
6029c9df-f49f-4af7-b498-ae74b0ef10fa,9633,16:04:00,16:04:00,7,,0,0,3684.0,1,1,1
6029c9df-f49f-4af7-b498-ae74b0ef10fa,9610,16:06:00,16:06:00,8,,0,0,4539.0,1,1,0
6029c9df-f49f-4af7-b498-ae74b0ef10fa,9658,16:07:00,16:07:00,9,,0,0,4865.0,1,1,0
6029c9df-f49f-4af7-b498-ae74b0ef10fa,9608,16:09:00,16:09:00,10,,0,0,5097.0,1,1,1
6029c9df-f49f-4af7-b498-ae74b0ef10fa,9622,16:10:00,16:10:00,11,,0,0,5357.0,1,1,0
6029c9df-f49f-4af7-b498-ae74b0ef10fa,9617,16:12:00,16:12:00,12,,0,0,6524.0,1,1,0
6029c9df-f49f-4af7-b498-ae74b0ef10fa,9625,16:13:00,16:13:00,13,,0,0,7316.0,1,1,0
6029c9df-f49f-4af7-b498-ae74b0ef10fa,9618,16:16:00,16:16:00,14,,0,0,7884.0,1,1,1
6029c9df-f49f-4af7-b498-ae74b0ef10fa,9626,16:17:00,16:17:00,15,,0,0,8148.0,1,1,0
6029c9df-f49f-4af7-b498-ae74b0ef10fa,9624,16:19:00,16:19:00,16,,0,0,9197.0,1,1,0
6029c9df-f49f-4af7-b498-ae74b0ef10fa,9620,16:21:00,16:21:00,17,,0,0,10392.0,1,1,0
6029c9df-f49f-4af7-b498-ae74b0ef10fa,9646,16:22:00,16:22:00,18,,0,0,11057.0,1,1,0
6029c9df-f49f-4af7-b498-ae74b0ef10fa,9655,16:25:00,16:25:00,19,,0,0,11962.0,1,1,1
6029c9df-f49f-4af7-b498-ae74b0ef10fa,9653,16:26:00,16:26:00,20,,0,0,12649.0,1,1,0
6029c9df-f49f-4af7-b498-ae74b0ef10fa,9656,16:27:00,16:27:00,21,,0,0,13225.0,1,1,0
6029c9df-f49f-4af7-b498-ae74b0ef10fa,9628,16:30:00,16:30:00,22,,0,0,13958.0,1,1,1
6029c9df-f49f-4af7-b498-ae74b0ef10fa,9630,16:31:00,16:31:00,23,,0,0,14604.0,1,1,0
6029c9df-f49f-4af7-b498-ae74b0ef10fa,9643,16:32:00,16:32:00,24,,0,0,15454.0,1,1,0
6029c9df-f49f-4af7-b498-ae74b0ef10fa,9645,16:35:00,16:35:00,25,,0,0,17195.0,1,1,0
6029c9df-f49f-4af7-b498-ae74b0ef10fa,9642,16:37:00,16:37:00,26,,0,0,18205.0,1,1,0
6029c9df-f49f-4af7-b498-ae74b0ef10fa,9632,16:38:00,16:38:00,27,,0,0,18500.0,1,1,0
6029c9df-f49f-4af7-b498-ae74b0ef10fa,9614,16:39:00,16:39:00,28,,0,0,19072.0,1,1,0
6029c9df-f49f-4af7-b498-ae74b0ef10fa,9637,16:42:00,16:42:00,29,,0,0,19620.0,1,1,1
6029c9df-f49f-4af7-b498-ae74b0ef10fa,9639,16:43:00,16:43:00,30,,0,0,20164.0,1,1,0
6029c9df-f49f-4af7-b498-ae74b0ef10fa,9635,16:44:00,16:44:00,31,,0,0,20513.0,1,1,0
6029c9df-f49f-4af7-b498-ae74b0ef10fa,9612,16:45:00,16:45:00,32,,0,0,20851.0,1,1,0
6029c9df-f49f-4af7-b498-ae74b0ef10fa,9605,16:46:00,16:46:00,33,,0,0,21151.0,1,1,0
6029c9df-f49f-4af7-b498-ae74b0ef10fa,9604,16:47:00,16:47:00,34,,0,0,21600.0,1,1,0
6029c9df-f49f-4af7-b498-ae74b0ef10fa,9601,16:50:00,16:50:00,35,,1,0,22096.0,1,1,0
550e6fe0-d902-4ccf-9235-03740d803eb7,9602,14:40:00,14:40:00,1,,0,0,0.0,1,1,1
550e6fe0-d902-4ccf-9235-03740d803eb7,9603,14:42:00,14:42:00,2,,0,0,783.0,1,1,0
550e6fe0-d902-4ccf-9235-03740d803eb7,9606,14:43:00,14:43:00,3,,0,0,1174.0,1,1,0
550e6fe0-d902-4ccf-9235-03740d803eb7,9641,14:46:00,14:46:00,4,,0,0,1911.0,1,1,1
550e6fe0-d902-4ccf-9235-03740d803eb7,9650,14:47:00,14:47:00,5,,0,0,2475.0,1,1,0
550e6fe0-d902-4ccf-9235-03740d803eb7,9649,14:49:00,14:49:00,6,,0,0,3175.0,1,1,0
550e6fe0-d902-4ccf-9235-03740d803eb7,9633,14:54:00,14:54:00,7,,0,0,3684.0,1,1,1
550e6fe0-d902-4ccf-9235-03740d803eb7,9610,14:56:00,14:56:00,8,,0,0,4539.0,1,1,0
550e6fe0-d902-4ccf-9235-03740d803eb7,9658,14:57:00,14:57:00,9,,0,0,4865.0,1,1,0
550e6fe0-d902-4ccf-9235-03740d803eb7,9608,14:59:00,14:59:00,10,,0,0,5097.0,1,1,1
550e6fe0-d902-4ccf-9235-03740d803eb7,9622,15:00:00,15:00:00,11,,0,0,5357.0,1,1,0
550e6fe0-d902-4ccf-9235-03740d803eb7,9617,15:02:00,15:02:00,12,,0,0,6524.0,1,1,0
550e6fe0-d902-4ccf-9235-03740d803eb7,9625,15:03:00,15:03:00,13,,0,0,7316.0,1,1,0
550e6fe0-d902-4ccf-9235-03740d803eb7,9618,15:06:00,15:06:00,14,,0,0,7884.0,1,1,1
550e6fe0-d902-4ccf-9235-03740d803eb7,9626,15:07:00,15:07:00,15,,0,0,8148.0,1,1,0
550e6fe0-d902-4ccf-9235-03740d803eb7,9624,15:09:00,15:09:00,16,,0,0,9197.0,1,1,0
550e6fe0-d902-4ccf-9235-03740d803eb7,9620,15:11:00,15:11:00,17,,0,0,10392.0,1,1,0
550e6fe0-d902-4ccf-9235-03740d803eb7,9646,15:12:00,15:12:00,18,,0,0,11057.0,1,1,0
550e6fe0-d902-4ccf-9235-03740d803eb7,9655,15:15:00,15:15:00,19,,0,0,11962.0,1,1,1
550e6fe0-d902-4ccf-9235-03740d803eb7,9653,15:16:00,15:16:00,20,,0,0,12649.0,1,1,0
550e6fe0-d902-4ccf-9235-03740d803eb7,9656,15:17:00,15:17:00,21,,0,0,13225.0,1,1,0
550e6fe0-d902-4ccf-9235-03740d803eb7,9628,15:20:00,15:20:00,22,,0,0,13958.0,1,1,1
550e6fe0-d902-4ccf-9235-03740d803eb7,9630,15:21:00,15:21:00,23,,0,0,14604.0,1,1,0
550e6fe0-d902-4ccf-9235-03740d803eb7,9643,15:22:00,15:22:00,24,,0,0,15454.0,1,1,0
550e6fe0-d902-4ccf-9235-03740d803eb7,9645,15:25:00,15:25:00,25,,0,0,17195.0,1,1,0
550e6fe0-d902-4ccf-9235-03740d803eb7,9642,15:27:00,15:27:00,26,,0,0,18205.0,1,1,0
550e6fe0-d902-4ccf-9235-03740d803eb7,9632,15:28:00,15:28:00,27,,0,0,18500.0,1,1,0
550e6fe0-d902-4ccf-9235-03740d803eb7,9614,15:29:00,15:29:00,28,,0,0,19072.0,1,1,0
550e6fe0-d902-4ccf-9235-03740d803eb7,9637,15:32:00,15:32:00,29,,0,0,19620.0,1,1,1
550e6fe0-d902-4ccf-9235-03740d803eb7,9639,15:33:00,15:33:00,30,,0,0,20164.0,1,1,0
550e6fe0-d902-4ccf-9235-03740d803eb7,9635,15:34:00,15:34:00,31,,0,0,20513.0,1,1,0
550e6fe0-d902-4ccf-9235-03740d803eb7,9612,15:35:00,15:35:00,32,,0,0,20851.0,1,1,0
550e6fe0-d902-4ccf-9235-03740d803eb7,9605,15:36:00,15:36:00,33,,0,0,21151.0,1,1,0
550e6fe0-d902-4ccf-9235-03740d803eb7,9604,15:37:00,15:37:00,34,,0,0,21600.0,1,1,0
550e6fe0-d902-4ccf-9235-03740d803eb7,9601,15:40:00,15:40:00,35,,1,0,22096.0,1,1,0
5e67f3a8-1150-43eb-bd02-d0632716f7c3,9602,13:30:00,13:30:00,1,,0,0,0.0,1,1,1
5e67f3a8-1150-43eb-bd02-d0632716f7c3,9603,13:32:00,13:32:00,2,,0,0,783.0,1,1,0
5e67f3a8-1150-43eb-bd02-d0632716f7c3,9606,13:33:00,13:33:00,3,,0,0,1174.0,1,1,0
5e67f3a8-1150-43eb-bd02-d0632716f7c3,9641,13:36:00,13:36:00,4,,0,0,1911.0,1,1,1
5e67f3a8-1150-43eb-bd02-d0632716f7c3,9650,13:37:00,13:37:00,5,,0,0,2475.0,1,1,0
5e67f3a8-1150-43eb-bd02-d0632716f7c3,9649,13:39:00,13:39:00,6,,0,0,3175.0,1,1,0
5e67f3a8-1150-43eb-bd02-d0632716f7c3,9633,13:44:00,13:44:00,7,,0,0,3684.0,1,1,1
5e67f3a8-1150-43eb-bd02-d0632716f7c3,9610,13:47:00,13:47:00,8,,0,0,4539.0,1,1,0
5e67f3a8-1150-43eb-bd02-d0632716f7c3,9658,13:48:00,13:48:00,9,,0,0,4865.0,1,1,0
5e67f3a8-1150-43eb-bd02-d0632716f7c3,9608,13:50:00,13:50:00,10,,0,0,5097.0,1,1,1
5e67f3a8-1150-43eb-bd02-d0632716f7c3,9622,13:51:00,13:51:00,11,,0,0,5357.0,1,1,0
5e67f3a8-1150-43eb-bd02-d0632716f7c3,9617,13:53:00,13:53:00,12,,0,0,6524.0,1,1,0
5e67f3a8-1150-43eb-bd02-d0632716f7c3,9625,13:54:00,13:54:00,13,,0,0,7316.0,1,1,0
5e67f3a8-1150-43eb-bd02-d0632716f7c3,9618,13:57:00,13:57:00,14,,0,0,7884.0,1,1,1
5e67f3a8-1150-43eb-bd02-d0632716f7c3,9626,13:58:00,13:58:00,15,,0,0,8148.0,1,1,0
5e67f3a8-1150-43eb-bd02-d0632716f7c3,9624,14:00:00,14:00:00,16,,0,0,9197.0,1,1,0
5e67f3a8-1150-43eb-bd02-d0632716f7c3,9620,14:02:00,14:02:00,17,,0,0,10392.0,1,1,0
5e67f3a8-1150-43eb-bd02-d0632716f7c3,9646,14:03:00,14:03:00,18,,0,0,11057.0,1,1,0
5e67f3a8-1150-43eb-bd02-d0632716f7c3,9655,14:06:00,14:06:00,19,,0,0,11962.0,1,1,1
5e67f3a8-1150-43eb-bd02-d0632716f7c3,9653,14:07:00,14:07:00,20,,0,0,12649.0,1,1,0
5e67f3a8-1150-43eb-bd02-d0632716f7c3,9656,14:08:00,14:08:00,21,,0,0,13225.0,1,1,0
5e67f3a8-1150-43eb-bd02-d0632716f7c3,9628,14:11:00,14:11:00,22,,0,0,13958.0,1,1,1
5e67f3a8-1150-43eb-bd02-d0632716f7c3,9630,14:12:00,14:12:00,23,,0,0,14604.0,1,1,0
5e67f3a8-1150-43eb-bd02-d0632716f7c3,9643,14:13:00,14:13:00,24,,0,0,15454.0,1,1,0
5e67f3a8-1150-43eb-bd02-d0632716f7c3,9645,14:16:00,14:16:00,25,,0,0,17195.0,1,1,0
5e67f3a8-1150-43eb-bd02-d0632716f7c3,9642,14:18:00,14:18:00,26,,0,0,18205.0,1,1,0
5e67f3a8-1150-43eb-bd02-d0632716f7c3,9632,14:19:00,14:19:00,27,,0,0,18500.0,1,1,0
5e67f3a8-1150-43eb-bd02-d0632716f7c3,9614,14:20:00,14:20:00,28,,0,0,19072.0,1,1,0
5e67f3a8-1150-43eb-bd02-d0632716f7c3,9637,14:23:00,14:23:00,29,,0,0,19620.0,1,1,1
5e67f3a8-1150-43eb-bd02-d0632716f7c3,9639,14:24:00,14:24:00,30,,0,0,20164.0,1,1,0
5e67f3a8-1150-43eb-bd02-d0632716f7c3,9635,14:25:00,14:25:00,31,,0,0,20513.0,1,1,0
5e67f3a8-1150-43eb-bd02-d0632716f7c3,9612,14:26:00,14:26:00,32,,0,0,20851.0,1,1,0
5e67f3a8-1150-43eb-bd02-d0632716f7c3,9605,14:27:00,14:27:00,33,,0,0,21151.0,1,1,0
5e67f3a8-1150-43eb-bd02-d0632716f7c3,9604,14:28:00,14:28:00,34,,0,0,21600.0,1,1,0
5e67f3a8-1150-43eb-bd02-d0632716f7c3,9601,14:31:00,14:31:00,35,,1,0,22096.0,1,1,0
b931b2e7-e4bb-49c9-ad2c-6d2cf9f6b84f,9602,12:20:00,12:20:00,1,,0,0,0.0,1,1,1
b931b2e7-e4bb-49c9-ad2c-6d2cf9f6b84f,9603,12:22:00,12:22:00,2,,0,0,783.0,1,1,0
b931b2e7-e4bb-49c9-ad2c-6d2cf9f6b84f,9606,12:23:00,12:23:00,3,,0,0,1174.0,1,1,0
b931b2e7-e4bb-49c9-ad2c-6d2cf9f6b84f,9641,12:26:00,12:26:00,4,,0,0,1911.0,1,1,1
b931b2e7-e4bb-49c9-ad2c-6d2cf9f6b84f,9650,12:27:00,12:27:00,5,,0,0,2475.0,1,1,0
b931b2e7-e4bb-49c9-ad2c-6d2cf9f6b84f,9649,12:29:00,12:29:00,6,,0,0,3175.0,1,1,0
b931b2e7-e4bb-49c9-ad2c-6d2cf9f6b84f,9633,12:34:00,12:34:00,7,,0,0,3684.0,1,1,1
b931b2e7-e4bb-49c9-ad2c-6d2cf9f6b84f,9610,12:37:00,12:37:00,8,,0,0,4539.0,1,1,0
b931b2e7-e4bb-49c9-ad2c-6d2cf9f6b84f,9658,12:38:00,12:38:00,9,,0,0,4865.0,1,1,0
b931b2e7-e4bb-49c9-ad2c-6d2cf9f6b84f,9608,12:40:00,12:40:00,10,,0,0,5097.0,1,1,1
b931b2e7-e4bb-49c9-ad2c-6d2cf9f6b84f,9622,12:41:00,12:41:00,11,,0,0,5357.0,1,1,0
b931b2e7-e4bb-49c9-ad2c-6d2cf9f6b84f,9617,12:43:00,12:43:00,12,,0,0,6524.0,1,1,0
b931b2e7-e4bb-49c9-ad2c-6d2cf9f6b84f,9625,12:44:00,12:44:00,13,,0,0,7316.0,1,1,0
b931b2e7-e4bb-49c9-ad2c-6d2cf9f6b84f,9618,12:47:00,12:47:00,14,,0,0,7884.0,1,1,1
b931b2e7-e4bb-49c9-ad2c-6d2cf9f6b84f,9626,12:48:00,12:48:00,15,,0,0,8148.0,1,1,0
b931b2e7-e4bb-49c9-ad2c-6d2cf9f6b84f,9624,12:50:00,12:50:00,16,,0,0,9197.0,1,1,0
b931b2e7-e4bb-49c9-ad2c-6d2cf9f6b84f,9620,12:52:00,12:52:00,17,,0,0,10392.0,1,1,0
b931b2e7-e4bb-49c9-ad2c-6d2cf9f6b84f,9646,12:53:00,12:53:00,18,,0,0,11057.0,1,1,0
b931b2e7-e4bb-49c9-ad2c-6d2cf9f6b84f,9655,12:56:00,12:56:00,19,,0,0,11962.0,1,1,1
b931b2e7-e4bb-49c9-ad2c-6d2cf9f6b84f,9653,12:57:00,12:57:00,20,,0,0,12649.0,1,1,0
b931b2e7-e4bb-49c9-ad2c-6d2cf9f6b84f,9656,12:58:00,12:58:00,21,,0,0,13225.0,1,1,0
b931b2e7-e4bb-49c9-ad2c-6d2cf9f6b84f,9628,13:01:00,13:01:00,22,,0,0,13958.0,1,1,1
b931b2e7-e4bb-49c9-ad2c-6d2cf9f6b84f,9630,13:02:00,13:02:00,23,,0,0,14604.0,1,1,0
b931b2e7-e4bb-49c9-ad2c-6d2cf9f6b84f,9643,13:03:00,13:03:00,24,,0,0,15454.0,1,1,0
b931b2e7-e4bb-49c9-ad2c-6d2cf9f6b84f,9645,13:06:00,13:06:00,25,,0,0,17195.0,1,1,0
b931b2e7-e4bb-49c9-ad2c-6d2cf9f6b84f,9642,13:08:00,13:08:00,26,,0,0,18205.0,1,1,0
b931b2e7-e4bb-49c9-ad2c-6d2cf9f6b84f,9632,13:09:00,13:09:00,27,,0,0,18500.0,1,1,0
b931b2e7-e4bb-49c9-ad2c-6d2cf9f6b84f,9614,13:10:00,13:10:00,28,,0,0,19072.0,1,1,0
b931b2e7-e4bb-49c9-ad2c-6d2cf9f6b84f,9637,13:13:00,13:13:00,29,,0,0,19620.0,1,1,1
b931b2e7-e4bb-49c9-ad2c-6d2cf9f6b84f,9639,13:14:00,13:14:00,30,,0,0,20164.0,1,1,0
b931b2e7-e4bb-49c9-ad2c-6d2cf9f6b84f,9635,13:15:00,13:15:00,31,,0,0,20513.0,1,1,0
b931b2e7-e4bb-49c9-ad2c-6d2cf9f6b84f,9612,13:16:00,13:16:00,32,,0,0,20851.0,1,1,0
b931b2e7-e4bb-49c9-ad2c-6d2cf9f6b84f,9605,13:17:00,13:17:00,33,,0,0,21151.0,1,1,0
b931b2e7-e4bb-49c9-ad2c-6d2cf9f6b84f,9604,13:18:00,13:18:00,34,,0,0,21600.0,1,1,0
b931b2e7-e4bb-49c9-ad2c-6d2cf9f6b84f,9601,13:21:00,13:21:00,35,,1,0,22096.0,1,1,0
8741f5a6-5135-48f1-8459-9be43ff554e3,9602,11:10:00,11:10:00,1,,0,0,0.0,1,1,1
8741f5a6-5135-48f1-8459-9be43ff554e3,9603,11:12:00,11:12:00,2,,0,0,783.0,1,1,0
8741f5a6-5135-48f1-8459-9be43ff554e3,9606,11:13:00,11:13:00,3,,0,0,1174.0,1,1,0
8741f5a6-5135-48f1-8459-9be43ff554e3,9641,11:16:00,11:16:00,4,,0,0,1911.0,1,1,1
8741f5a6-5135-48f1-8459-9be43ff554e3,9650,11:17:00,11:17:00,5,,0,0,2475.0,1,1,0
8741f5a6-5135-48f1-8459-9be43ff554e3,9649,11:19:00,11:19:00,6,,0,0,3175.0,1,1,0
8741f5a6-5135-48f1-8459-9be43ff554e3,9633,11:24:00,11:24:00,7,,0,0,3684.0,1,1,1
8741f5a6-5135-48f1-8459-9be43ff554e3,9610,11:27:00,11:27:00,8,,0,0,4539.0,1,1,0
8741f5a6-5135-48f1-8459-9be43ff554e3,9658,11:28:00,11:28:00,9,,0,0,4865.0,1,1,0
8741f5a6-5135-48f1-8459-9be43ff554e3,9608,11:30:00,11:30:00,10,,0,0,5097.0,1,1,1
8741f5a6-5135-48f1-8459-9be43ff554e3,9622,11:31:00,11:31:00,11,,0,0,5357.0,1,1,0
8741f5a6-5135-48f1-8459-9be43ff554e3,9617,11:33:00,11:33:00,12,,0,0,6524.0,1,1,0
8741f5a6-5135-48f1-8459-9be43ff554e3,9625,11:34:00,11:34:00,13,,0,0,7316.0,1,1,0
8741f5a6-5135-48f1-8459-9be43ff554e3,9618,11:37:00,11:37:00,14,,0,0,7884.0,1,1,1
8741f5a6-5135-48f1-8459-9be43ff554e3,9626,11:38:00,11:38:00,15,,0,0,8148.0,1,1,0
8741f5a6-5135-48f1-8459-9be43ff554e3,9624,11:40:00,11:40:00,16,,0,0,9197.0,1,1,0
8741f5a6-5135-48f1-8459-9be43ff554e3,9620,11:42:00,11:42:00,17,,0,0,10392.0,1,1,0
8741f5a6-5135-48f1-8459-9be43ff554e3,9646,11:43:00,11:43:00,18,,0,0,11057.0,1,1,0
8741f5a6-5135-48f1-8459-9be43ff554e3,9655,11:46:00,11:46:00,19,,0,0,11962.0,1,1,1
8741f5a6-5135-48f1-8459-9be43ff554e3,9653,11:47:00,11:47:00,20,,0,0,12649.0,1,1,0
8741f5a6-5135-48f1-8459-9be43ff554e3,9656,11:48:00,11:48:00,21,,0,0,13225.0,1,1,0
8741f5a6-5135-48f1-8459-9be43ff554e3,9628,11:51:00,11:51:00,22,,0,0,13958.0,1,1,1
8741f5a6-5135-48f1-8459-9be43ff554e3,9630,11:52:00,11:52:00,23,,0,0,14604.0,1,1,0
8741f5a6-5135-48f1-8459-9be43ff554e3,9643,11:53:00,11:53:00,24,,0,0,15454.0,1,1,0
8741f5a6-5135-48f1-8459-9be43ff554e3,9645,11:56:00,11:56:00,25,,0,0,17195.0,1,1,0
8741f5a6-5135-48f1-8459-9be43ff554e3,9642,11:58:00,11:58:00,26,,0,0,18205.0,1,1,0
8741f5a6-5135-48f1-8459-9be43ff554e3,9632,11:59:00,11:59:00,27,,0,0,18500.0,1,1,0
8741f5a6-5135-48f1-8459-9be43ff554e3,9614,12:00:00,12:00:00,28,,0,0,19072.0,1,1,0
8741f5a6-5135-48f1-8459-9be43ff554e3,9637,12:03:00,12:03:00,29,,0,0,19620.0,1,1,1
8741f5a6-5135-48f1-8459-9be43ff554e3,9639,12:04:00,12:04:00,30,,0,0,20164.0,1,1,0
8741f5a6-5135-48f1-8459-9be43ff554e3,9635,12:05:00,12:05:00,31,,0,0,20513.0,1,1,0
8741f5a6-5135-48f1-8459-9be43ff554e3,9612,12:06:00,12:06:00,32,,0,0,20851.0,1,1,0
8741f5a6-5135-48f1-8459-9be43ff554e3,9605,12:07:00,12:07:00,33,,0,0,21151.0,1,1,0
8741f5a6-5135-48f1-8459-9be43ff554e3,9604,12:08:00,12:08:00,34,,0,0,21600.0,1,1,0
8741f5a6-5135-48f1-8459-9be43ff554e3,9601,12:11:00,12:11:00,35,,1,0,22096.0,1,1,0
1d7f3922-94a7-42df-ba30-dcd26244fd7f,9602,10:00:00,10:00:00,1,,0,0,0.0,1,1,1
1d7f3922-94a7-42df-ba30-dcd26244fd7f,9603,10:01:00,10:01:00,2,,0,0,783.0,1,1,0
1d7f3922-94a7-42df-ba30-dcd26244fd7f,9606,10:03:00,10:03:00,3,,0,0,1174.0,1,1,0
1d7f3922-94a7-42df-ba30-dcd26244fd7f,9641,10:06:00,10:06:00,4,,0,0,1911.0,1,1,1
1d7f3922-94a7-42df-ba30-dcd26244fd7f,9650,10:07:00,10:07:00,5,,0,0,2475.0,1,1,0
1d7f3922-94a7-42df-ba30-dcd26244fd7f,9649,10:09:00,10:09:00,6,,0,0,3175.0,1,1,0
1d7f3922-94a7-42df-ba30-dcd26244fd7f,9633,10:14:00,10:14:00,7,,0,0,3684.0,1,1,1
1d7f3922-94a7-42df-ba30-dcd26244fd7f,9610,10:16:00,10:16:00,8,,0,0,4539.0,1,1,0
1d7f3922-94a7-42df-ba30-dcd26244fd7f,9658,10:17:00,10:17:00,9,,0,0,4865.0,1,1,0
1d7f3922-94a7-42df-ba30-dcd26244fd7f,9608,10:19:00,10:19:00,10,,0,0,5097.0,1,1,1
1d7f3922-94a7-42df-ba30-dcd26244fd7f,9622,10:20:00,10:20:00,11,,0,0,5357.0,1,1,0
1d7f3922-94a7-42df-ba30-dcd26244fd7f,9617,10:22:00,10:22:00,12,,0,0,6524.0,1,1,0
1d7f3922-94a7-42df-ba30-dcd26244fd7f,9625,10:23:00,10:23:00,13,,0,0,7316.0,1,1,0
1d7f3922-94a7-42df-ba30-dcd26244fd7f,9618,10:26:00,10:26:00,14,,0,0,7884.0,1,1,1
1d7f3922-94a7-42df-ba30-dcd26244fd7f,9626,10:27:00,10:27:00,15,,0,0,8148.0,1,1,0
1d7f3922-94a7-42df-ba30-dcd26244fd7f,9624,10:29:00,10:29:00,16,,0,0,9197.0,1,1,0
1d7f3922-94a7-42df-ba30-dcd26244fd7f,9620,10:31:00,10:31:00,17,,0,0,10392.0,1,1,0
1d7f3922-94a7-42df-ba30-dcd26244fd7f,9646,10:32:00,10:32:00,18,,0,0,11057.0,1,1,0
1d7f3922-94a7-42df-ba30-dcd26244fd7f,9655,10:35:00,10:35:00,19,,0,0,11962.0,1,1,1
1d7f3922-94a7-42df-ba30-dcd26244fd7f,9653,10:36:00,10:36:00,20,,0,0,12649.0,1,1,0
1d7f3922-94a7-42df-ba30-dcd26244fd7f,9656,10:37:00,10:37:00,21,,0,0,13225.0,1,1,0
1d7f3922-94a7-42df-ba30-dcd26244fd7f,9628,10:39:00,10:39:00,22,,0,0,13958.0,1,1,1
1d7f3922-94a7-42df-ba30-dcd26244fd7f,9630,10:40:00,10:40:00,23,,0,0,14604.0,1,1,0
1d7f3922-94a7-42df-ba30-dcd26244fd7f,9643,10:41:00,10:41:00,24,,0,0,15454.0,1,1,0
1d7f3922-94a7-42df-ba30-dcd26244fd7f,9645,10:44:00,10:44:00,25,,0,0,17195.0,1,1,0
1d7f3922-94a7-42df-ba30-dcd26244fd7f,9642,10:46:00,10:46:00,26,,0,0,18205.0,1,1,0
1d7f3922-94a7-42df-ba30-dcd26244fd7f,9632,10:47:00,10:47:00,27,,0,0,18500.0,1,1,0
1d7f3922-94a7-42df-ba30-dcd26244fd7f,9614,10:48:00,10:48:00,28,,0,0,19072.0,1,1,0
1d7f3922-94a7-42df-ba30-dcd26244fd7f,9637,10:50:00,10:50:00,29,,0,0,19620.0,1,1,1
1d7f3922-94a7-42df-ba30-dcd26244fd7f,9639,10:51:00,10:51:00,30,,0,0,20164.0,1,1,0
1d7f3922-94a7-42df-ba30-dcd26244fd7f,9635,10:52:00,10:52:00,31,,0,0,20513.0,1,1,0
1d7f3922-94a7-42df-ba30-dcd26244fd7f,9612,10:53:00,10:53:00,32,,0,0,20851.0,1,1,0
1d7f3922-94a7-42df-ba30-dcd26244fd7f,9605,10:54:00,10:54:00,33,,0,0,21151.0,1,1,0
1d7f3922-94a7-42df-ba30-dcd26244fd7f,9604,10:55:00,10:55:00,34,,0,0,21600.0,1,1,0
1d7f3922-94a7-42df-ba30-dcd26244fd7f,9601,10:58:00,10:58:00,35,,1,0,22096.0,1,1,0
